PC1,PC2,cluster
3.896944876604723,0.502422710583302,0
-2.3333496616258533,-0.3284902924948928,1
1.8902187211417607,-0.3139654899303728,0
-2.4979505058205964,-1.5180105135131587,3
-0.32208683493036877,-0.34415775721930975,3
0.8936557647017845,0.9870493479166818,2
0.888780610216886,1.4497930447636769,2
-2.247023881780132,-0.5252239088362973,3
-2.8342849723109236,-0.7469349534301788,3
-4.661478228734375,1.2577368069446055,1
-2.6205956375995005,-1.7231262954719422,3
-2.2769646370769925,-0.722340769552861,3
3.2403261634169964,-2.151278914567072,0
-1.2567822007052318,1.2599508979258254,1
-2.3602038910061256,-1.073530026627614,3
3.209971423959658,0.7904746392679778,0
-2.4823821152688637,0.6537511451535115,1
-0.16676639845273594,0.35563173705788803,2
3.4771029329565213,2.5324035819818462,2
-1.8092149822763786,-0.9952418550577057,3
-0.5657291108442704,-0.43190742200716653,3
2.4986704098274815,0.6523345621648532,0
-0.03326566493413339,2.128914691028041,2
0.42168613741679334,1.0923621604110325,2
-0.5487722592705299,3.2111781473005263,2
-1.8724992787120471,-0.5299195317605345,3
-1.6730183920923114,1.1499425820034634,1
3.4299642179561287,1.2352975952517222,0
-1.656366949615661,-1.6592544715254134,3
4.074265458281725,-1.2387553974813295,0
-2.2217288895212897,-1.7001302472364381,3
-0.0031977779294938623,-1.1087862319382884,3
-1.5487859527109753,0.41527851553560985,1
-0.6440830888815475,3.1484644919057385,2
2.205204108519395,-0.27186984272114,0
-2.356736312514012,0.20022945674869522,1
1.52431472050169,1.3570991964001269,2
-2.415490023110693,-0.6208174864040598,3
-1.8454487683244964,-0.5306005927123502,1
2.1800799702192184,0.5552790780396338,0
3.7734412362398655,-0.04531345440962648,0
-2.8766998779220168,-0.806696179527484,3
-2.143795578964745,-0.06770428048316315,1
-0.5499146777312369,-1.4804825720276324,1
-2.739948484257305,-0.981152189211274,3
3.887388234763817,-2.7701436997066744,0
-2.013628322747532,-0.3776589972645811,3
-2.7308288008430126,-0.6249363056113076,3
-2.377815836170404,0.3688332226010352,1
1.138021338694849,3.6956679978411504,2
1.0187940734692447,-0.4081604543504362,2
4.621656892667856,-0.33739394351315494,0
-2.3602785259873413,-0.7976813629950978,3
4.886473547206154,-2.054582800601788,0
0.2204134629947808,1.7122200380747443,2
5.916917414785866,-0.41831633168663873,0
3.1239934993112373,-1.130169112961817,0
-2.3545986276141844,-2.4578526693729317,3
-2.2670739955304824,-1.1716338598391827,3
-0.4175213918290985,1.4872172327776714,2
2.876607929222241,-1.39498472825233,0
0.2172571308920825,1.2792583856993847,2
1.311909324771745,2.891150678831623,2
0.34628028431182717,1.3776700845739225,2
2.476403872533432,-0.9239893699982279,0
-2.620485432525236,-1.1797665452183193,3
-2.9540697425671985,-0.7243025762907097,1
3.6379482951561726,0.4043213960627587,0
1.5988971869609145,0.4112225948895742,2
1.2789186996596489,2.340608398426102,2
2.987154667641846,-0.3334250059564231,0
-2.1570698059141176,0.063368111706506,3
2.6019844726883643,2.261777107775704,2
-0.47393146069357367,2.4700281956484007,2
-1.141178855928773,-1.6050309697727478,1
-2.5650910466717605,-1.2134272478795491,3
3.4052137911438405,-0.6784836672184048,0
4.968957704406559,-1.284238586003967,0
-1.9410502893969432,-1.9475102802338013,3
0.14089221682368205,1.4889711771638678,2
-2.245708774499722,0.12551579911278793,3
-2.848068378233812,-1.2083607207180331,3
-2.51776029713474,-0.4131860097076516,3
-0.0031977779294938623,-1.1087862319382884,3
2.955340957405924,-1.9633605229248947,0
-2.539343908425806,0.15202605712763897,1
-2.359299750452253,1.1678035068410957,1
-0.8477783572526647,1.3568200450256922,2
3.9168308642557905,-1.9565987646775829,0
-0.73715701757052,-0.7474272120210482,1
-0.7533247687586452,4.322851671512224,2
-2.6350780660630067,-0.5426273057761491,1
1.6042060229360675,-1.9710317757601505,0
-2.6139223292224014,-1.5847756900066485,3
-2.4060409417557804,-1.0185679485825578,3
-2.5266091443764194,-1.9449551103702034,3
0.047013086052020495,2.6628482077764994,2
-2.4316881703238122,0.21799453426437093,1
3.3109597111039513,-0.31749975249174334,0
0.4302189372105402,-0.9485824874863135,3
-2.028088235643864,0.47737171190607786,1
-2.0449423903954074,-0.05471023784577071,1
4.719954809417309,0.34646590979708236,0
2.2300597632939865,-0.12353629988533374,0
3.0231114432077835,-2.173436558370409,0
-2.5686638056828515,-1.8351031151420643,3
-2.002265052197279,1.0364901383973382,1
2.4028330317693336,2.1485596559649722,2
-2.1027664370554766,-0.5235653834083492,3
2.419807413329304,-0.9521059510595408,0
2.7736021113371403,-0.18282226101296994,0
1.6843324035832639,0.4645051962424537,2
-0.08582826118433717,1.4714883867375266,2
2.0687080121454735,-0.6944795457128191,0
-0.7672136501336129,1.144753544854063,2
-2.067602315119535,0.12431274258108081,1
4.1181674752268576,-2.7528161329512755,0
0.674635338172789,0.7795459121024138,2
-2.2399951522699326,-0.16066995758630612,1
-2.548874916667772,-1.1267901219900007,3
1.3433426700568456,1.4822817655233953,2
-2.2533935937566825,-1.0277205644191418,3
-3.422870675217321,-1.3670802253750531,3
-2.645428125885601,-1.2078958457772904,3
3.8738711609528327,-0.503989069954871,0
1.6608513386930495,-0.5638751112850425,0
4.696433619027612,-2.1769446521828777,0
-2.185999230399989,0.015597592770955654,1
-0.6167990782038463,1.478675569488785,2
0.34123730431939947,1.246138966748223,2
1.0635417959497626,1.1428755415418137,2
-0.5934047490573909,3.1769948211547954,2
2.0591389276867402,-0.7730943032937825,0
1.849220670256385,0.28839488678975844,2
-1.9124726179086595,1.7999290041288927,1
2.521622762821898,-0.5303637817618102,0
-2.9700579207411257,-0.48906046585684887,3
-3.009505215669781,0.7234588422930283,1
-2.5069194818075866,-0.7442447495973877,1
-2.6043148454052396,0.2533616109029201,1
4.005924616552847,-1.2049714133182479,0
0.5120166820951082,0.5383482447399657,2
3.4834612600987103,-0.6473158385948528,0
1.2970033010830238,1.4105918650759843,2
-0.9083234547298233,-0.5284395717159917,3
0.10842016595467284,2.1130983766648725,2
-2.3225680777845117,-0.974957776457166,3
-2.86845180441556,-1.4252915226381488,3
-2.612662416016359,2.2318725071598795,1
-0.9283441018336209,-1.8705787619518814,1
0.328581472221078,0.7648238148603344,1
-0.18077494417785586,1.2929923829095322,2
-0.39019947097862717,1.898525591341864,2
-2.2077606198915003,-1.10401822921335,3
1.4797928826860078,2.627964148706444,2
2.0834982840221943,0.862679155248845,2
-0.9402032227931079,1.3123432285498415,1
-2.348753646353835,-0.1933119457481609,1
-0.6599967460702965,-1.0722187995801662,1
3.1587699607581143,-1.3181268593036841,0
-3.3614163895915143,-0.13829201202993577,1
2.639306079259707,1.992281958872825,2
-2.6444460460264785,-0.541069926037237,3
1.780658943266272,-0.42511318798015424,0
3.9744637330926875,1.26010464547899,0
-2.70029809947605,0.20144197213708534,1
1.2854305442852076,-0.979252185367615,0
-0.6147111017187257,-0.7915750630016413,1
3.5855622806823337,-2.71868974591119,0
-2.1367404361154807,0.05508300037496054,1
-2.7330095909360526,-0.3397194540382842,1
-2.648332781977016,-0.951462168972135,3
-2.386167041320983,-1.429757120487685,3
-2.0668159714812173,-0.06786717278634419,1
-1.284193932025862,-0.6934262246287015,1
3.866049967655884,1.4257867138658138,0
3.840034806854339,0.6461667877098811,0
-2.698401035838092,-0.27069076495390904,1
-2.7671039984097363,-1.3137955223213325,1
3.3109597111039513,-0.31749975249174334,0
-1.251516183930187,-0.4549566818728478,1
-2.598274204965454,-1.5144679520376152,3
2.5786160896981425,0.2898777656429029,0
-2.5567928836824536,-1.8258258045358209,3
-1.8958982442259922,-1.4274084308846784,3
-2.878610347976746,-1.010162867735471,3
-2.0449224395748735,-0.4654077226569097,1
0.47170681834755096,1.2584695413719391,2
3.7820278541533936,-1.3829531670180366,0
-2.452942866936298,0.48485805478175503,1
-2.321169096766497,-1.092262595823199,3
3.9723102032200384,-0.8668994037420683,0
-1.7514421629869,0.15660214836827463,1
-2.381204885350794,-0.869082779932097,3
-1.3522937246108722,1.2756696411961768,1
-2.9447155369101794,-0.36620942585704236,1
1.3724876227847478,-0.7812463279367562,2
3.4993981055830816,-1.4316577342885912,0
3.9165512143148904,-0.8652729707801872,0
-1.9062369454103907,1.4464020740872927,1
0.09093106186612096,1.4004508771023787,2
3.999983339158258,-2.2314275252806515,0
2.5075952327890136,1.3694968775228407,2
4.120720256963343,-0.4685829795466372,0
-2.669375658772606,0.10446810869804073,1
-2.231106323280876,-1.4231907162750288,3
-2.882693067716778,-1.5708251513005385,3
-1.1407376243171254,1.5285358028464047,1
-1.9378070942465495,-0.5536994893653985,1
3.0145926358464146,3.9827942044335285,2
-0.5282025260130898,1.114492903823852,1
2.592675784785443,-1.2992015675660324,0
-1.9814398027864857,2.930994057990699,1
-1.000229055367,3.5366844378092264,2
3.3017894222083677,-2.3455094333304656,0
-0.9570900754225972,0.8598020039411065,3
-3.3939225044756016,-0.9232693461238602,1
3.2067386512240077,0.020243149413336728,0
-1.0481671163002948,1.0623151423682673,1
1.6610681734013768,1.0396195482074222,2
-1.7055013204929734,-2.422957076007677,3
1.8584473329292763,-1.8495681383096152,0
0.8688169279664497,1.3509234338418232,2
-2.305859740925363,0.3368086288677241,3
2.195188140634071,3.326361553678176,2
-2.1092675931185827,0.1699143517885575,3
0.03315852364536001,1.8962250759017638,2
0.5200470143576122,2.1274818564959443,2
3.325935003553316,-1.147980803548839,0
-3.0020535181662247,-1.7394935141417798,3
-1.2606561988156977,2.8792490874397503,2
2.9361652387559087,0.48217426397063007,0
-2.7626237841938783,-1.0672808629042807,3
-1.8729309531805596,-1.6491207658566018,1
2.0913298382116796,1.5894772144764406,2
-2.3881173547208356,-1.2047935242128451,3
-2.9139436476792526,-1.6293254703541864,3
0.9796360987317171,0.4603925498403114,2
-2.6334772524815104,-0.4909709871628261,3
-1.356634201254856,0.5873519729820084,1
4.8965043746506405,-1.524578238984218,0
2.5547992857094632,0.20160896546213192,0
-3.0212484962270616,-0.9578739638022051,3
4.82574377538125,-2.289731780461357,0
1.6378297498309948,4.33647038753257,2
-2.774348093461705,-0.4379444564804511,1
1.4054397325585846,0.11992977494503486,2
2.612676341331943,1.7441832650293785,2
4.862553367443512,-1.3258599709023196,0
3.0957025490951033,1.9287997448745908,2
-2.6772319715047606,-0.884146404078386,3
-2.6784686143839873,-1.5544317641270693,3
5.3969071124939205,-1.1558721720485068,0
-0.8079597271184275,-0.10450756485552673,3
1.2228100543484337,2.1790708994113874,2
-2.601492735849158,-0.7270965217229545,3
0.6930548840939666,2.226059190481872,2
-0.07452671609689938,0.8713678456977718,2
-2.4329977005855663,0.5703103596699952,1
-3.372155614450404,-0.19031767960286655,1
-2.7948147026477614,-0.7787919780701464,3
1.1030133860481013,2.780268265201235,2
-1.3857886879410712,-0.5363670194404326,3
-2.9139869348342415,-0.8036822918411303,3
-1.7642072380225315,2.4574869640088495,1
-2.30106176035433,1.071610988893603,1
4.776993858617565,-1.9136366040978174,0
-2.0257161114480815,1.3349633509168946,1
3.2466192273669043,-2.1029633209864507,0
-2.338899098022847,-1.0896062880341948,3
2.5656260866966094,0.25296107425788045,0
-2.2799131367728163,-1.2729098200071458,3
-0.9769618140334222,-0.028339742880961454,1
-2.49501318635743,0.36170007952013045,1
-2.3694828888711243,0.7667025439610744,1
0.9964420679491096,1.141796044850956,2
3.613920113614354,0.05220785879284663,0
2.3172811111660283,-3.0914737147737315,0
2.2223091958142867,-1.9208837171480178,0
1.3144820044772934,1.7335960714274286,2
-2.114434251584644,-0.5177929897517217,3
0.03315852364536001,1.8962250759017638,2
-0.16676639845273594,0.35563173705788803,2
0.41436557380131306,-0.2996683647290169,2
-2.4631263590484376,-0.6048114046086069,1
-2.3519395377978,-1.045789232297189,3
3.4983258196921936,-0.37856254887934254,0
1.4020562711878943,4.236197343658098,2
4.980277039111118,-2.551503875221185,0
-0.8159053366081949,1.1514470468541127,2
-2.133120164208583,-1.4420201149154281,3
-2.1106365711262187,-0.6372936711777637,3
4.821189205724822,-1.214498599268671,0
-3.321439443777954,-0.5401318391749927,3
-2.691783635506037,-0.27597802084404505,1
1.0673447927439794,2.679835607154745,2
-2.6570543427393023,-1.4129413931434849,3
-2.4267023411110658,-0.8393641410545798,3
1.2468757827145174,-1.7258629543491522,0
0.8143170969050159,2.271929013737743,2
-2.2387230965127425,0.4340323007344417,1
0.6028148986078125,1.3848040608855212,2
-1.9956599769258512,-1.861665263570553,3
-1.6766967111102793,-0.7823647263749743,3
-2.514099668907608,-0.8978160682337246,3
4.894033622713161,-1.2435089303074198,0
-1.7043375886599461,-0.2678899747487011,3
2.0548748273436446,-1.1698326534315224,0
-0.18911095851578996,1.2427898593420352,2
-0.9139180241620892,-1.3546404929024773,3
-2.491577402465979,-0.6551674335950867,3
-3.3413079450501457,-0.05275732440148765,1
3.408243147728356,-1.087398203854287,0
2.993614062237874,-0.7469455339989906,0
-1.509694981455148,1.0621108868349476,1
-2.5318382393109964,-0.12479137040764834,1
-2.345275863371474,0.21830046569323733,1
0.26349597088265153,-0.9699746686152061,3
-2.4776586605363433,0.1395966365176952,1
0.05338039507023913,2.3694780452627047,2
1.265526849926095,0.8254498625676839,2
-2.6880847459133173,-1.3111306888634418,3
-2.7453856827316874,-0.4750119760581297,1
1.7311697473496133,2.6034423858949274,2
0.00290723440345432,3.1330050674571837,2
2.209633708842862,-0.3943594848447386,0
-2.818739741139605,-0.4352686774330027,3
-2.8421984845340433,-1.6807342219401973,3
-2.5869333228479694,-0.10132483042724375,1
-2.307443466808155,-0.12473586475295045,3
-3.0141704435625787,-1.3184707673424303,3
-1.7513330926807402,-1.97314402801554,3
0.869307017452514,1.8876562853825454,2
-2.5119172072138967,-0.947139178881993,3
-2.879097146972119,-0.9445166136482722,3
2.8927847421127826,1.4812196218640545,2
3.6539687363062856,-0.12041459678186026,0
-2.608871621981974,-0.7764918807458006,3
3.472197256479119,-0.1099830084949451,0
4.95932085405453,-0.008449535609950334,0
3.3196592485698213,-1.3522783911034997,0
-1.3631426352359577,-1.7121944455859484,3
0.2823368468235124,2.278195939798466,2
0.5259705924131596,0.7200377918272275,2
-2.965722600939231,-1.258908505884561,3
3.7941659538036623,-1.8025422768952792,0
-2.5039480608214264,0.010070744242887255,1
4.309108307209645,-2.323271647229484,0
-2.649381606815303,0.6071844648301308,1
-2.749588927799975,-1.6854791132160143,3
1.5768672710703011,1.224592137286794,2
2.7577373777814227,-0.4251964667608437,0
1.2689841446970345,-0.7918984914931317,0
2.6757932621960934,-1.3509817790001286,0
0.6763504984421506,2.7996100801814943,2
-2.652428723991594,-0.2943063756845322,1
-1.5835453989008166,0.31307491118797176,1
3.505597686207622,-1.642411417998703,0
1.039137012513313,-0.43359380296209016,2
-0.09663396399348329,1.638117831801041,1
6.263758502326695,-1.4930839191569338,0
0.31467283584970535,1.0149297727071258,2
-2.6148432156663235,-1.4206186941727696,3
-2.9139869348342415,-0.8036822918411303,3
-0.763027458998157,2.610295916805506,2
1.0024979738622983,1.4843435401035723,2
3.6609654318347085,-1.1664418684893818,0
-2.4768584845761152,-0.7781668306052998,3
4.397915907380535,-0.4690815555957409,0
0.029245536202139256,1.1578682558347781,2
-2.625904602851708,-2.026285889646841,3
-1.8457933701098277,2.1104570410482246,1
-2.346264698457775,-1.652844621916056,3
1.3375562802596086,2.46575601561294,2
-2.620663084526242,0.5885892785988971,1
-2.250837992767826,1.2972908161369674,1
-2.1673832794385515,-0.8063559833738021,3
-2.816844133736376,-1.2982061490737968,3
1.8839980542189383,1.3677228239313535,2
-2.4898856883694847,-1.1886510508116936,3
-3.365058683167051,-0.8396714955454301,3
-2.9665156491923197,-1.844316365126635,3
-0.35713708214578077,0.37959392145496135,2
-2.612662416016359,2.2318725071598795,1
-2.4043200353623333,-2.445008376461456,3
-2.508014170818394,-0.9538057750141024,3
-0.3726699825528661,1.4252144415002859,2
2.7126966536431736,1.7878363324654403,2
-1.4991630231457027,0.7543551997485496,1
0.9702447295980688,1.2260677400802786,2
4.515555652308212,-2.496822696715429,0
-1.2646016434939042,-1.2288483048713688,3
3.1076960824005675,-2.6289585759165823,0
-0.8703971813476773,-0.04596976704345575,1
1.3014314730204186,0.8896121469246756,2
3.032966767838679,-1.4324399296324355,0
-2.059737932421673,1.3924037387562669,1
-2.8925212390850095,-0.7087151558578152,3
-2.760507757565935,-1.3425003148405579,3
-2.233531553512406,-0.16283759978154955,3
-2.358380282901849,0.9882251779154806,1
2.8638240433812245,0.12698970403011947,0
-1.8808102534494808,0.6026318053042655,1
-0.37164346747829724,-0.1399827658783742,3
-1.33403101110639,3.947857798689045,2
-2.488714123112806,-0.7690005602850042,1
-2.5279857725946915,-0.006447351483909679,3
-1.3574462166900274,0.33077843403893054,1
-2.8342849723109236,-0.7469349534301788,3
-0.43919554136484357,2.8558463285171527,2
-2.440200641292587,-0.5166867373721702,3
1.6095095477157695,0.4899004965034594,2
2.750432309552939,2.927420511792244,2
-0.2165040678717244,-0.378750800939126,3
1.8726855434618854,1.0897696447984955,2
2.5941298145656604,-1.3009426330791805,0
-2.2219151463636955,-1.099453473991139,3
2.0518745522250796,-1.4653912262418431,0
5.100362247182351,-0.9383855331084003,0
-0.5864379015053716,3.8611608628275484,2
-2.6081436729574916,-1.2482635151432522,3
-2.5266091443764194,-1.9449551103702034,3
-3.194996256247012,-1.835007301574387,3
2.7813313234605266,-1.0871473265038236,0
3.930765917104774,-0.09380488721472588,0
-2.825638558502694,0.8200214424452283,1
5.582560675122143,-2.5090655288473194,0
0.6521037863987607,-0.9994046509666238,2
-2.70369695699173,-1.9805559983078074,3
3.292301403895051,0.5870084297208603,0
2.0301661907936777,-0.3835117391374349,0
-0.2713780964518438,1.4686844981878693,2
2.138111327459729,4.814871690665612,2
2.6494155451612027,0.7784552428948616,2
-2.411055262605794,-1.445223574872621,3
-1.7301104932512572,-0.0798241097669392,1
1.0950205568013416,0.8863394067940875,2
-0.6115823719782354,1.9485868783118414,2
-2.361189296929842,-0.4433774533755684,3
-2.9480884954691255,-0.8464104669799652,3
-2.866885673847466,-1.5089479615743169,3
-0.8497538474112285,0.14600041212525802,1
-2.0855896748244964,-1.046185068964266,1
-2.816844133736376,-1.2982061490737968,3
-2.3782379517201413,-1.4667208929988598,3
-2.349041580359801,-0.8363649479006332,3
-1.9277688125685704,-0.3972224916405928,3
4.27403675293985,-2.395943645955029,0
-2.755105552562698,-0.8139397800161001,3
0.5086870258384123,0.2482368546405155,2
1.7216753379401537,1.503386635556383,2
1.8445971495928477,1.666395134027015,2
-2.197690666708347,-1.4482992145952973,3
0.3034458734958952,-0.5837175965747338,1
1.549266052268982,1.894924089871856,2
-1.5601237662395,3.4281849245647065,2
5.510681430217559,-0.8991926977789874,0
-1.4716400290694098,-0.08541883209847079,3
-0.25947304828477774,-0.3242431850666195,1
3.700128949114732,-1.7000982892140193,0
0.13202520374346724,1.0088876770758175,2
4.14598322897769,-1.4307285511328791,0
-1.5334394693219675,0.2951530486008898,1
4.776993858617565,-1.9136366040978174,0
-2.116757738828904,-0.9766259375642364,3
2.181103145110923,-1.654367154768417,0
2.378569262313919,-0.2576034838543724,0
-2.8385818754470677,-0.7733382775945299,3
0.14458098853267554,2.136988976357746,2
0.40734682509407416,1.445525972709941,2
4.54065154213782,0.8770045423551744,0
-2.897567859650958,-1.4835747044635201,3
0.40446720345557347,2.1310022052922313,2
-2.6787633229736474,0.07054539518159568,1
-2.7058476864438936,-2.3452000488170617,3
2.2965052875684253,2.183266931016862,2
-2.3147406624953075,-0.9535655676016147,1
-0.27873453901508277,0.27589199361123795,2
0.22770709782939746,1.9146700481670038,2
-0.9062501366418134,1.914339903887038,2
-2.403423459396655,-1.341954717709649,3
-2.3582871933322265,-1.249650961169529,3
-1.5683984909327962,0.3662657369868278,3
-1.1394899299667345,0.6398127092040052,1
2.3219399701791614,-0.6339724260031988,0
3.6277705171752865,-0.3536273734695744,0
0.5120166820951082,0.5383482447399657,2
0.6890088465977089,1.3620112737221697,2
-2.951941370149072,-1.470749584163861,3
-1.1720132346216536,0.0651146684691303,3
3.644907757833536,1.4031695821901013,0
-1.4738508425297843,0.20769554799950934,3
3.6088224315621455,-0.22845530632197023,0
0.007057189675788982,1.8473491811744631,2
0.44462938210939384,0.771403593281186,2
0.8123545954060877,1.2311676930403175,2
-1.559226065472947,-1.1165853714419158,1
2.0142192734892506,0.7290270969762791,2
2.003455435302482,0.8725384340964824,2
1.82688640897818,-0.2372288158874353,0
-2.6124794016842943,1.0034762780571693,1
-1.8751339336111026,-0.4243875310082568,1
-0.8425648429380949,-0.8321962665488802,3
1.3938340824880555,0.8656352006476039,2
-1.7301104932512572,-0.0798241097669392,1
2.143371950686898,1.8622705797633594,2
3.262177354830338,-1.0482142863061086,0
3.477613489262392,-1.9331817479342104,0
-1.6870797049640776,-1.411393190382554,3
1.8237666256223866,2.091778547086396,2
-1.918478867848075,-0.2518574137261975,3
2.7147040576552506,-0.02546170840381218,0
-0.8436629047181178,1.9683904550744282,1
4.320797292830762,-1.3276096764846135,0
-0.7883712965116363,2.354443004954382,2
3.7231069108135606,-0.8009173315427488,0
-2.346962773148398,1.3304515816703162,1
-2.755104404817964,-1.6507746119436986,3
1.6548866738627686,-1.0348414123194545,0
3.5088963320156656,-0.64506673813153,0
-2.6857801689605973,-0.03936531897630354,1
2.2670159251702255,-1.3675676830172765,0
-0.4367662126338942,-1.1247385758415047,3
1.9181396180968606,0.6139470251328943,2
-1.793664910450733,-0.47527361353895037,3
-2.7181897677078357,-1.1499474399339376,3
2.1889251079877954,-0.6954908412242526,0
0.4696933983399855,-1.8183939852672066,3
3.804957677457861,-0.3627158906615893,0
-0.7648975008935286,1.761513812061489,2
0.9621601674326844,0.7379433424315605,2
2.664828452552263,-0.7731547987119922,0
-1.1947450690266506,2.0232827289751776,2
-0.9586450305386341,0.34976979655512286,1
-2.5520253881553034,-1.1878779112210254,3
-0.8775835222114164,1.9224468401852637,2
-1.6664528164090515,-0.5016002385431402,1
2.4305203831449664,-1.2860980921772245,0
-0.08868819875141454,-0.02946539337181572,1
-2.5948061506350664,-0.8476850351694388,3
-2.6283818163956276,-0.610234918816833,3
-1.169406278880516,0.9212677077098348,1
-0.9369964586312257,-0.2634717508902219,3
2.369234736622375,-0.39175352946503356,0
1.5564029867681402,-0.1345700303307718,0
-2.4624911079986544,-1.776074012529091,3
3.3103638819811505,-2.296683359307155,0
-1.8730871226498074,-1.4720916024005484,3
-2.7983374475877927,0.6272968616645237,1
-2.864302875849967,-0.5636331784542868,1
-2.0531668926463364,-0.7210177974986979,1
-2.503697044819021,-1.567929346669025,3
-0.1873024073508287,0.8396047923927772,2
-1.5424022019504338,-0.5287680137694096,3
3.8525234891311695,-1.4187439176892853,0
-1.6777058280992627,2.4023130782536213,1
1.5729104338689608,-0.2637731369513155,0
4.676809976694679,-1.8184457439198778,0
-1.824192021340712,-0.9978128386436144,3
2.9394919717560812,0.9722142721788123,0
-2.1417281885114665,-1.5401494507788294,3
4.435851980333861,-2.4897715251872192,0
1.965679406875522,1.0287393275229513,2
3.328723213828759,0.3937388493553678,0
-0.2724451818692314,0.30506275734447125,1
-0.7344091820996357,0.24348638654429267,1
0.8390203745670302,1.991342295094563,2
-2.62662472574755,-0.21875668807034693,1
-2.1270493287035195,-0.6170663001689151,1
-2.7759944527764384,-0.044214544744773265,1
-0.44131568005125515,1.7785760086847497,2
-2.7701018544350684,-0.20202072839945825,1
-1.958807861025447,-0.5100259561014183,3
-0.6666426745961517,0.2878353555802554,1
-2.6823285234724863,-1.0349751056861989,3
0.8641825873201731,1.6224359092500058,2
-1.9957577549164882,0.3940538326733235,1
-2.919018093713533,0.7708992413706431,1
-2.1705226467188914,0.006943868744404002,1
-1.627208982859346,1.8200686906384957,1
-1.8729884129441945,1.4824798242833623,1
-0.5487722592705299,3.2111781473005263,2
-2.6046085401532904,-0.2509866092160559,1
-1.474615156932435,-0.3736098120469574,3
-2.538639827641014,-1.537501180175344,3
-2.2882590503935942,-0.10133748410016383,1
3.747329511772396,0.5280093858931276,0
1.4407357297470733,0.03964787238055355,2
-0.49724492665524167,1.4183593115259392,2
-1.5913521443546135,-1.278557782575176,3
-2.388659086688341,-0.7368335635537157,3
5.805411289726101,-2.202385748455122,0
4.815381551947814,-2.06688892096097,0
-2.2777509986316864,-1.9994831712354115,3
0.6240020119087247,-1.6644274348167558,0
-2.559516023340829,-0.6189433576591395,3
-2.447664817336074,-0.6802208837205055,3
-2.831292412250417,-0.005136867696412099,1
-2.3283589354707885,-0.8140089124114274,3
-2.453223999728091,-0.027784437313499808,3
-2.2126183908649466,0.13442697279314236,1
1.3706639169191794,2.0276223413103374,2
2.643485595650733,-1.4075385643956912,0
0.37754114409353473,2.905636285234349,2
-2.129292039294588,1.1711129945185261,1
-2.437785100380568,0.4733621508936646,3
-1.8454487683244964,-0.5306005927123502,1
-3.2015025913434605,0.10930761455327548,1
-2.170147319255445,0.24506083496954997,1
2.261408159364474,-1.4477030517163612,0
-0.9567469922963655,-0.6236571109252754,3
-0.3181650410789837,-0.5471732483375292,1
-2.7928602244380425,-0.8552549309050039,3
-3.3413079450501457,-0.05275732440148765,1
2.0950475515295395,0.3710894066412409,0
-1.225962060725085,1.444292417578074,1
-3.329778389527677,0.2551940056568824,1
-0.74861730469575,-1.4170585336325279,1
-2.0721460713403554,-0.6812003438321789,1
-0.37851814779612575,1.2391971723055064,2
-0.5902205595347526,1.480190714998119,2
-1.729225690699743,-1.1006011411001362,3
1.4865574568137419,-1.0778306720969175,0
-2.6606121689872593,-1.65767901731641,3
2.6199375260722673,-0.4444069350621962,0
-2.6874641394889927,-0.8013530355901214,3
3.817552043990432,-0.1320279494654395,0
3.648281052850046,3.1624319680855204,2
-2.4991059574731773,0.9839968252324209,1
-2.2294769299329165,0.04395950798948449,3
1.9785928177134822,0.5135178442253903,2
1.432595303814271,-1.4662011935902048,0
3.328723213828759,0.3937388493553678,0
-1.626814945533693,-1.1570880768997636,3
4.0193627854920555,-1.2473407715405604,0
-3.2441871937545486,-0.5586235364737301,1
4.2020497502664504,0.5183776922317291,0
0.7254833969435206,0.1608131686864692,2
2.3511885145474327,3.066996997888944,2
2.0031145051103882,0.25033087755256384,2
2.7126966536431736,1.7878363324654403,2
2.6638685934468915,-1.0949049757743314,0
1.588387496960421,2.502268253245514,2
-0.01858006800559909,1.0417899652035745,2
3.6392252177364477,-0.2487825810672373,0
-1.7727243688738286,1.6097375643938432,1
6.179323524703961,-0.05248835219134723,0
-1.2091728528935435,-1.274904467881899,3
2.485612535331529,0.6832541202652028,2
0.812695833675017,1.2852098485541266,2
4.423393021195063,-1.832345613172557,0
-2.9009633578310896,-0.584661169277993,3
2.6639830565736244,2.457177816036673,2
-1.1766405358644525,-0.6424841209713393,1
-0.7280856179617777,1.898214819879367,2
-0.3768905297629156,-2.8182238196113825,1
-1.167019985113827,0.4311903496454573,1
-0.8079597271184275,-0.10450756485552673,3
3.188907550072333,1.1230528622288278,0
-1.7780745871679893,1.7100232145720013,1
0.06115086783120832,2.2308920906934886,2
-2.9665156491923197,-1.844316365126635,3
3.0798756618485785,0.12134974674637967,0
-1.991727335034806,-0.7692390324684724,3
-2.13436864743,-0.6635375845427365,3
-2.1094680786795488,-0.5652359343497829,3
-2.24585630723324,-0.23836406233095547,1
-2.551685646997457,-1.4843569420754203,3
-2.8212055584277778,-0.8748986949209863,3
-1.2975730215885612,-0.04209946091744238,1
2.504922814800582,0.9291876953985208,0
0.15910920125819727,2.651512194923454,2
2.8308021645185817,0.6567009718856602,0
1.9245980105977725,-0.16612575242214198,0
0.029245536202139256,1.1578682558347781,2
-3.553414773159337,-1.731826890494122,3
1.389856459025922,2.3582444504303646,2
1.7584361418952326,-1.8638436215304108,0
-2.3497904286276547,-0.08303847490711022,3
1.7407123231623698,-1.659526540115037,0
1.6896206419092068,1.4432751759952758,2
5.55110938679529,0.8291424516114636,0
0.4549299745345565,-0.7974621544016297,3
-0.8947616231539309,0.47097147776751463,1
2.068835062546186,-1.703248638528339,0
1.2751597511968908,0.7915546186046856,2
5.037778976006927,-1.112220708798977,0
5.233620517705118,0.955153866836549,0
2.418310408893397,-1.8957574872675131,0
2.110199110867056,-1.7175757172971597,0
-0.31366944276801767,2.5054786942167886,2
1.5904630549777956,-1.2268513753460821,0
-0.39121467347906863,0.2583489905798587,1
-2.1760440727309565,-1.0264890006471632,3
-2.1148456083226996,0.9601072642462715,1
-1.0877415421208703,0.622614902487415,1
-2.302725905197996,-2.2542219131521533,3
-2.733183655113853,1.0649091630350673,1
0.9668629927280865,-0.13410734867755866,2
2.7981073590578376,-0.3096538075693254,0
0.9994049497499681,0.9101240625574816,2
0.6533882196264331,-1.1262151481908043,0
1.6866662458663928,1.7442793130777234,2
2.034586240502222,-1.8485772838815149,0
-1.7891768804045654,-0.4312642473567572,3
2.7577373777814227,-0.4251964667608437,0
-1.960330434353175,-2.1801041606677605,3
-0.06312852603478905,2.2141941047904887,2
0.43444700561859173,1.7399649211517279,2
-2.5119172072138967,-0.947139178881993,3
-3.026817104711142,-1.4951112904176218,3
1.4848124116674248,2.1915059266101338,2
-1.9469245672722064,-0.8784452166936028,3
0.7860938913462168,0.3661690508096895,2
-1.49835651518475,-0.5721519514451048,3
3.3572061840045837,-1.3667656366320193,0
3.070703077747674,-0.7027953276702401,0
-2.6016010999468993,-0.7948247605727455,3
3.0891316171497882,2.7092439404391473,2
-2.6955413323962025,-0.4984331566660977,1
0.7649225430155737,0.9022834006800501,2
1.3074400905868075,1.3934737656568204,2
-3.033653424969398,-1.6469254840660341,3
5.646957583759537,-1.339632151657939,0
-2.761499725539388,0.8093975825839418,3
-1.9378070942465495,-0.5536994893653985,1
3.526910408353974,-0.8941009021025291,0
4.23739220960862,-2.0367000107924906,0
-1.6638395927714626,2.167611561999087,1
2.708638631977843,0.13116006284334436,0
-2.543113315515915,-0.25845310381835324,1
-1.0138198862337173,3.7673027445756353,2
0.2204134629947808,1.7122200380747443,2
-1.7824001318693004,2.9737874211771884,1
0.7853151652604526,0.6534370245484763,2
3.262114959991619,-0.7637550160296,0
3.7592692395726046,0.26270746900439623,0
0.43867120513223445,-0.4429310428219738,1
-3.008980460284188,-1.5159131611308554,3
2.916718787121423,0.7394125712613748,0
1.83957798485966,2.3680943250363415,2
-2.435115156920596,0.9030961341370507,1
-2.1578946936526577,1.2641748161615842,1
-1.937012139035797,-0.9077753476621665,3
2.5378249742452716,-1.3229631303448657,0
3.619336041338334,-0.08961927650762502,0
-2.488279407459773,-1.0810696976575644,3
3.1990245813787554,-2.580798110498815,0
-2.7148404742487244,-1.362691955075892,3
2.7530004061410924,0.34173735998742827,0
3.5067126644997835,-1.4318830530002984,0
0.01955662749300002,0.4833928188815421,2
3.0798756618485785,0.12134974674637967,0
3.7389635935971413,0.019088405769775153,0
3.471926803178062,-1.4234364818811682,0
2.943387005441592,-0.4789244052624168,0
1.028459612749818,2.262302115764813,2
0.6713196238735935,2.2341940200117234,2
-1.970577008269317,-1.108271963826322,3
-1.5757597013905242,-0.2519522712310748,1
-2.4294946766027476,-1.0615830434180098,3
0.06566214595714902,0.5323572831402026,2
3.635036100785995,-1.736188732581041,0
-2.4560185023864602,-1.0983455733106864,3
2.75981655069689,-1.3764336966204702,0
-0.9836722220402063,1.1250908490399463,1
3.9724675504594704,-1.6565400752086457,0
4.296942789775678,0.1780856634093792,0
-0.8241040974062444,-0.33035787354622165,1
-0.21907312769617276,1.9383387539777908,2
1.9405867806935126,0.012448066870842201,2
3.8767694105765917,-0.11479193403722149,0
-0.3842700823921906,3.142850354210788,2
-2.5052631265876295,0.49982073492049467,1
-3.9417387458692517,1.4903888197603892,3
-2.6543217245057904,0.22806957925663912,1
-1.811191329822227,0.1453474250823905,1
2.035074539762867,-1.6045498651317474,0
-2.073971949896302,-0.3779076772648791,1
4.155685675562353,-0.3993335709358626,0
3.084276863713711,-2.221996282518071,0
-2.4467043373958637,-0.9364636168449646,1
-2.81330206357975,-1.7133924306251866,3
-2.815680220319915,-1.6698763740175793,3
-2.720190507320976,-1.1171580679692925,3
-2.579185849901146,-0.8402546092149447,3
-2.7423275964656693,1.016672145234981,1
1.2630505563931866,2.4634460458882894,2
-0.45440884172424106,0.9265738605803435,2
-0.9397107201067573,2.0421682019496648,2
3.7060600802999066,-1.3678092168319897,0
1.5706416386064646,-0.541826880538404,0
-2.0082687600296527,-0.6433646341160496,3
-1.346838695412036,0.25162762215819845,1
-0.674215058904648,-0.062317825557485496,1
-0.7915008095918507,-0.05750677364739269,3
1.1431089970070427,1.501779019296369,2
1.9082593838229005,2.8692215650811908,2
4.170397970444817,-1.1383114961805463,0
-2.673328602763249,-0.3513549374908959,3
0.5182218897958407,0.7060227975154968,2
-2.2220515503147653,-0.043515026379559826,1
-1.602141974114856,0.9078067726621792,1
4.407171736514517,-0.6514568197169293,0
2.630501514460348,0.43654274898477674,0
-0.9162154846773133,2.9686028601956562,2
-1.3106551449794213,-1.1781638065044866,1
0.1945157736716923,0.6081413194582364,2
0.17218355640450256,2.369551795041989,2
3.9289393733307296,-0.23102245683393674,0
-1.8962260685772128,-1.6983847057679755,3
-2.78068447592522,-0.661418247403847,3
2.1667195093257385,-2.2887583611275364,0
1.8827157243213568,2.0485339930722577,2
4.402672778805693,-2.449916522379908,0
0.23832628404505324,0.012003095109436375,2
-2.8358867137804045,-0.9392778544068543,1
0.6321946790764369,1.117275476528854,2
0.7276848046813232,0.9038084272843895,2
-2.696231722733569,-0.9669526102179142,3
2.9102156679719724,-1.2360787114282423,0
-2.576201971585537,-0.9249344484262431,3
0.20686554518249559,-0.39757027501095055,2
-1.5424022019504338,-0.5287680137694096,3
2.9394919717560812,0.9722142721788123,0
3.562759790719349,1.2988110378913957,0
0.946276465505907,2.333090300416996,2
-2.817448903495508,1.420362551019635,1
2.9586496796722845,0.8505859539510268,0
-2.8529608617467197,-1.9933324947674516,3
-2.1202791964998573,-0.6787282838194078,1
0.6536225751362649,-0.061352994433269165,2
-0.026114736762757666,2.320504370759451,2
-2.5977370086299048,-1.1585153898072786,3
-2.7918636580089613,0.36922963656315055,1
3.713317633311816,1.5588954019326349,0
-1.062785382270041,0.12036798571162328,3
4.130918682107745,-0.05168979472006996,0
-2.0311886432501174,-0.5674258763676175,1
0.9421987471109314,0.7212621808456814,2
-2.0618520475816955,0.5020057292905256,1
-0.25068459856491987,0.471465587687966,2
-2.2089646142048625,-1.1353292324113269,3
-2.65431213248183,0.2531349150913499,3
2.7826926725882917,-1.5923765831718766,0
4.255620446107806,-1.5937286842811669,0
2.7847814266879096,-0.664335451842339,0
0.83096693079761,2.047252844596645,2
-1.0520567948240291,0.15004803105412612,1
-2.8627672778343305,-0.5415310504837265,3
-0.5983929348275383,0.7120662488699605,2
0.42168613741679334,1.0923621604110325,2
5.2454484816422875,-0.7272280320470126,0
-2.6144893762100745,-0.5995595696372937,1
-0.9534438104300615,1.2594757540335855,2
3.8408633786773945,2.140067244181618,0
-2.290909978469615,-0.6155365283425757,1
0.4226845345108074,-0.143024098328325,2
-2.7429331469147393,0.573664519990789,1
2.6213284474460083,-0.9673759650330691,0
-2.827398731531225,-0.9569240037277599,3
-1.9034495299418681,1.717129019557643,1
-2.470673869105492,-1.5148697571514012,3
-0.7616766700710317,0.4264821964491244,3
-0.7112082612863753,-0.6071094884667626,3
-0.2078368274199286,0.66116112867071,2
-0.45187050162699444,1.07654530766674,2
-3.577242430501963,-1.7609298627850116,3
0.9373960055591113,0.061714993029035436,2
-2.360580244529447,-0.6808127679943923,3
1.649742514021233,-0.894342806029209,0
1.6147209794225401,-0.09379960452930043,0
-2.599694767444363,-0.9177541550494865,3
-1.9723241697357057,0.0834260452485216,1
1.899383442153895,-0.7669363233074427,0
4.1725921481761254,-1.5438169548329042,0
-0.4937393265606892,2.269439635708222,2
-2.0893392820532433,-0.584634238858328,3
4.08920118499566,-1.208858896527043,0
-2.3863279429038258,0.008938142090970672,3
-2.4626239107389143,-0.6996546648665083,3
-2.127849788988966,0.5706831645003563,1
-3.0372350009271947,-1.7198354194728893,3
-2.442085893177646,-0.7419400224719271,1
5.037778976006927,-1.112220708798977,0
4.654363520251986,-1.3272399146268226,0
-2.3428639340480393,2.2084954589922505,1
-2.55117476733041,0.1607815763545273,1
-0.34442279012440574,3.057618740065332,2
2.100251210949975,-0.9847464184961023,0
-2.6730455004980525,-0.3659411348881491,3
-0.888806127026397,2.111057635301297,2
3.383770341185164,-1.6603190139038666,0
-3.0077275819762392,-2.1704585312281277,3
2.1800799702192184,0.5552790780396338,0
1.9977633781043083,2.2170605505540038,2
2.175616405822743,0.4854910310699419,0
4.852652803639815,0.30767472647363925,0
-0.8599150953854876,-0.3627901398922719,3
-2.5296283642546626,-0.4126238543902224,3
2.637615522057714,-0.9617170597019489,0
-1.2574423825264769,0.4575727564585305,1
1.9848091563929244,-1.5249307404340648,0
0.3163083275105604,-1.3112796256529966,3
-1.324513984954529,2.201957489937164,1
4.237303220498727,-1.9753330707284713,0
2.6357357913323525,-1.3178549550625118,0
-2.5869311103961246,-1.4661186255710303,3
-2.1700566605725577,-1.6072440304519937,3
-0.9869673145239519,-1.8779801771471283,3
3.286121342735645,-1.4789093835157723,0
2.3856869171225004,-2.2045364624547377,0
1.4549848659373787,4.107022170031968,2
-1.974398763596248,-0.6204959526286024,3
3.910024730609028,-1.5725114225667052,0
2.3722329184199533,-1.4013871996443639,0
1.2971960797595965,-1.0029991741913302,0
2.369234736622375,-0.39175352946503356,0
0.04437723869034313,0.09575487093086216,1
3.6521640849168375,-0.3586989418450664,0
-2.5783575596129054,-0.27070252407433315,1
3.54626395365104,-2.1917332102158675,0
-1.9538468638789452,-0.8844309526122333,3
-2.088541828271957,0.04536518949039778,1
4.399734450624009,-1.3922867006205302,0
-0.3458145522692871,0.6482229356260154,2
3.1266402573565824,-1.8750491944094234,0
4.56661478530038,-1.7915560929235435,0
3.1076960824005675,-2.6289585759165823,0
2.5571743666797278,-0.13991740035984448,0
2.104735810780743,-1.4150328102301284,0
-1.6350137897320924,-2.35237683812569,3
1.0948921784470216,3.1623531948330617,2
-2.8226340256099265,-1.2315250227612673,3
2.75981655069689,-1.3764336966204702,0
-2.6954040152592804,-0.9457481081246503,3
2.1152022654588323,-1.0317747813173206,0
2.6188053154090647,2.58591317202295,2
1.490389074149416,1.3806103259384108,2
0.6823084781047115,0.12124366492201576,2
1.5889118411055112,2.4725578751107764,2
0.8106979122505279,1.483864516821635,2
2.6403120619773213,-2.1211544389571775,0
4.897528197996909,-0.6974155950773849,0
-2.053848257715819,-0.6113479572552911,3
0.49548252928850783,0.5304052054922888,2
1.4802935222661486,-0.015576828941774225,2
-0.4976253407647202,-0.30390266987359443,1
-2.1157556556006742,-1.7564608157734576,3
0.5983248403128424,1.2081369699611575,2
-2.3738016927844385,-1.9658132856843282,3
-2.1817593629370102,-0.31215743082987424,1
-1.9365325791850023,0.9022469545780106,1
-2.6003767443129258,-0.8116691135404236,3
-2.5119562353722644,-0.93934644186652,1
-2.86290723378108,1.300571685961764,1
1.115905707138623,1.133994957871285,2
1.2574910445893084,1.9028441364783555,2
-2.067899683054007,-0.5433593328976759,1
-0.6179987458544705,1.7841488246571686,2
3.582255378281308,0.7529447060895426,0
0.005593132078316148,1.0927066735842677,2
-2.159994940239958,-0.6319186129868956,3
-1.5901426114355288,0.7180538153435836,1
-1.6127515017816931,0.7103172073067974,1
1.8949767557813038,0.8717197489475926,2
3.5898745086054316,-0.9546366665470278,0
-2.26172496952759,-0.01751247869012738,3
-2.869127721872497,-1.007761339108856,3
0.2528718501893341,1.5023766021276836,2
3.51556453896275,-2.5903519141007885,0
-2.8760729075580924,1.1209754582774958,1
-2.6004799873285585,-0.30062708452667697,3
0.6021898871681218,0.9093873003915774,2
4.188807838749089,-0.8960128362713304,0
3.075647351264899,-1.8911791520169168,0
3.768959642037193,-0.5989280653094448,0
-1.6638395927714626,2.167611561999087,1
-1.9383281932735419,0.23235731708522053,1
1.611056608817037,3.2330548952491793,2
-2.279421462391652,-0.5790901206310394,1
-3.673767727065184,-1.2544148908006327,3
-2.5762603634944714,-1.2269845934273234,3
2.5075952327890136,1.3694968775228407,2
5.0851331081344755,-0.6495171865274252,0
-0.15387540147752207,0.3725155080302097,2
3.541519557523302,-1.5105300064890554,0
4.865833018143778,0.23200833971143972,0
4.213077847341736,-1.321067762880541,0
-2.4523316782940507,-0.27007506685279553,1
2.9736191696010748,-0.9843216384702816,0
-2.811919961671522,-1.0703012504328957,3
-1.0354221586040138,1.8472498751585442,2
1.620161915471368,-0.9615087440225617,0
-1.5856428259557673,-0.5002171561834653,1
-2.302725905197996,-2.2542219131521533,3
2.4189457640772742,-0.5135694321920374,0
-2.1367404361154807,0.05508300037496054,1
1.5177620338408926,-0.05635742658144281,0
-0.5062879362135694,1.0611996799391268,1
0.7861028778488803,1.456007897544353,2
2.486343689010437,-1.7045441137929842,0
0.07650097058642046,2.2149586586448002,2
-2.6819403270753175,-0.8953579189226931,3
-1.2876490404961127,2.1904059559933686,1
0.7674870585937729,1.2896306536327629,2
2.0449677434646527,1.3189422669821873,2
3.619336041338334,-0.08961927650762502,0
-2.7983374475877927,0.6272968616645237,1
-2.676045391592882,-0.19342856700445688,1
4.770616821088291,1.1248257012766343,0
-1.2056938168166884,-1.0414172732146423,1
-1.9434735697835326,1.3374748407197525,3
-2.004263531508663,0.667271385383424,1
-2.43923137901799,-0.20752344330128245,1
0.8056220536736445,-1.2663885767307672,0
3.9506947653596947,-1.5792688418568777,0
-0.41182483303305606,-1.28656726857405,1
-2.687305771755074,-0.9024816662779862,3
-1.4352408494727182,-1.0982662815358715,3
-2.4311149371659964,-0.9387919915168773,3
-2.7457775219841305,-0.954053408248798,3
0.6570561126513308,4.763887816543074,2
-1.9426889681522534,-0.8041314814401453,1
-2.687472030823959,-0.5905016398325295,3
1.9460835119271442,0.6332228709231456,2
-2.2906497469920946,-1.3658096323286306,3
-2.7634269046590623,-0.8123704900089537,3
-1.9219740609271299,-0.3051256456445922,1
2.7851838173940813,2.6639395033910858,2
3.964282349802167,-1.4791626558090871,0
5.083691279904857,-1.5753715876043712,0
2.355006856247196,-2.030308401596717,0
-2.619089080928935,-0.9893497856319287,3
3.9168308642557905,-1.9565987646775829,0
-0.7084188763041894,-0.12326490767820894,3
-2.101724030001372,0.4766518171132484,1
-2.4525435932728272,0.30222502759293673,1
-2.3542669103056815,-1.6919693841903907,3
0.6544630073017067,2.0218346406276533,2
1.3759081097598127,0.6990014586303733,2
-2.586367925147501,1.220682572958219,1
-4.039566732072005,3.502675098216599,3
2.280723957382288,-1.38887937164822,0
-2.6058040615687244,-1.733710074542566,3
-1.854224023590652,0.9626267805402134,1
-1.4062849000247246,-0.40421888682810836,1
3.694224394778952,-0.002337332338647277,0
-0.5363047800414551,1.2425919144865178,2
0.2927362266714581,2.2385918466968087,2
3.9506947653596947,-1.5792688418568777,0
-3.108139751702496,-0.5647523657378839,1
4.583724414443287,0.8142853376480905,0
-2.443911020679119,0.026070510403005495,1
-2.767743235769383,-1.293241134952551,3
1.931451816941565,-1.1555446668955776,0
-1.3216641287684763,1.8463505624295542,2
-0.9197841046837878,0.12940547890670753,1
2.4944597415207648,0.06986280308821112,0
2.579934705032825,-2.213844352513979,0
-0.18145645692126208,4.630573952660352,2
2.194799191805851,2.853565836391796,2
1.4284243364905131,-0.85243803413857,0
-2.505999843237742,-0.7310183884907016,1
0.4437233975226929,-0.24839907097519767,2
-2.6916496207663374,0.8444727365036095,1
4.681133381143259,-2.579015350237541,0
3.658920985141492,3.683025596829219,2
-2.321676962505784,-0.2714968671352723,3
1.9921430996395175,-1.5201079058076081,0
-2.6954040152592804,-0.9457481081246503,3
3.7062001658349835,1.814353369114857,0
0.9795510028448814,2.3522753092893085,2
-1.8193970475265884,0.015455804395950491,1
-0.05852387362004578,0.20285699480695416,2
5.677277124635687,-1.3652667429555918,0
3.0520136559070687,-0.47500757294814827,0
-2.914350176200071,-0.2427987061203558,1
-0.770935354367617,-0.6713223633697174,3
-2.697445887582825,-1.2437964381974065,3
2.4736104122490508,-1.918309418638811,0
-1.4943832513149524,1.4785237199839791,3
2.9739917009914545,-0.44737334540698276,0
-2.4196399247532416,-1.9807327355628668,3
4.096989887190892,-0.8051619794709154,0
1.0643560829879202,2.7338005755575727,2
-2.5984863049135503,-0.5864869101983793,1
2.3007019192451827,-0.08693570219769921,0
-2.6479246271700005,-2.0463166338935146,3
3.548306390162386,-2.223487869377966,0
3.4803024471771637,-1.4807414419640914,0
-1.8937030287514187,-1.468827344062252,3
1.6548866738627686,-1.0348414123194545,0
-2.620663084526242,0.5885892785988971,1
-1.748653942987932,-0.17982030554531162,1
0.5254461055735575,-0.4451095119052808,2
0.9340582420402745,-0.4373973893838714,2
2.000389195625911,-1.8115265931998399,0
-2.9232004686308644,-1.3679073886509343,3
1.798645611213191,0.7847795222709503,2
5.179703722447396,-2.6960133713494874,0
0.11483767162861848,-0.014563979735952793,2
-1.0217146931625958,0.7065920000934088,3
-1.2871168004192421,-0.6552137155539923,3
-2.6463106084490686,-1.3349283978086701,3
2.7981360953396783,-1.040570248400152,0
-1.7215028747418486,-0.35282418514781,1
-1.824192021340712,-0.9978128386436144,3
0.05499611108570007,-0.5542665856371444,2
-0.9377617464348852,1.1778766949727686,1
2.41680895631194,-1.0874373325713345,0
2.1011575216167717,-0.5911737180479842,0
-2.4767105699068686,-0.9107147400581342,1
4.423393021195063,-1.832345613172557,0
-2.9209776769220483,-0.6622767197527771,3
1.2690691972764478,1.3587309602752544,2
-2.732296309333154,-1.4589650485945664,3
0.2230615184755823,-1.2768534067022403,3
-1.8314134929694483,-0.58426350700989,3
-0.40256195702009473,2.5103235414271245,2
1.6638877847097067,0.21796169523552927,2
-2.3214569798207223,-0.5475124639647172,3
-1.3150896398879937,1.4823736365571643,1
-1.3126144434683316,-2.1140853097683956,3
-0.5665447801840109,1.404365362306434,2
-1.3280113712546049,2.6843834477884907,2
1.8062161744795384,1.9037705935652525,2
-2.554319123148254,-1.0567315699463267,1
-2.1243839977410572,-1.7331209949853987,3
2.7137119347031646,-0.3253195531910158,0
0.27613400790476744,2.2422254569464135,2
-2.936705595764913,-0.43855942190532843,1
-2.3162420207286885,-2.0710762549847095,3
4.4845805227579145,0.1906535949889931,0
3.350173665433139,-1.1148789031995179,0
-1.225972521668855,-0.819951052287641,3
-2.634240893518209,1.2918924255092032,1
3.0486486655054703,-1.0409531442594673,0
-2.2217288895212897,-1.7001302472364381,3
-0.8747728843884168,1.301127652413162,1
1.3433426700568456,1.4822817655233953,2
-2.1361951008168294,-1.4782033313681837,3
-2.57585644848877,-1.5479523919037579,3
-1.971334686126205,0.4177569620256829,1
3.457944960506492,-0.11452107944559041,0
-2.2995809345117086,-0.9057657186026774,3
-2.0031117536566483,-1.1773346412381351,3
-0.49204094870214854,4.938145471609012,2
-0.7514418658003258,1.723834477100976,2
-3.0742386120010257,-0.99425335470732,3
1.996969299312242,1.350967270285364,2
3.2769668850820604,1.8140564556439394,0
-2.731733635810563,0.05442663971881966,3
4.729388338023538,-0.6453520314384881,0
-0.411310004403087,-0.6186940521401104,1
-2.783557444804789,0.36899567023720126,1
-0.9950844678222484,2.8228127656036084,2
3.1857984897631324,-1.6272912363394747,0
2.216266305482553,-2.1408723708546242,0
2.8391719540242812,1.2296565222368652,0
-0.8003583421676604,-0.012204876722484471,1
-0.49204094870214854,4.938145471609012,2
-0.32213131653043786,1.6430317961506007,2
2.364960888043423,-1.0870106947362679,0
-1.5470119929191928,0.4711085871428755,1
0.6649800448878895,1.1219130003577895,2
-1.3059262999061145,-0.7175694019102142,1
-2.4604077824771085,1.8669493914499726,1
2.9883430321629887,-0.7241204346098123,0
2.7907411162721028,-2.110642301661464,0
-2.4449625598279865,-2.2991925060876435,3
-2.3782379517201413,-1.4667208929988598,3
2.8751111114158645,-0.6941767166663573,0
-0.9224516490258402,1.560972460650782,1
-2.5285796070734565,-0.6878641479037945,3
-1.0353801257075816,0.4846116036486105,1
-2.848197167154513,0.5429116755126472,1
0.4284733314766172,-0.07824718922751399,2
-2.3399972673987,0.10244750961081445,1
5.377260876654516,-2.530954714810666,0
-0.21976449387365365,2.200147576046756,2
-1.051124667565353,0.7226298847624709,1
0.5281279845130785,2.5851486198959885,2
-2.1060674171986142,0.9874865410911136,1
-2.9298197189548283,-1.7403705775149971,3
-2.6291282807716447,-1.8235331216139887,3
-2.121118176136794,-0.26213511501803205,1
1.5055675350526185,1.4286699879129001,2
-1.7726855771335925,1.000326112165412,1
-1.9978234752529531,0.022891198367765615,1
3.9646976644688223,-1.1348934098229877,0
1.7649927728669739,2.4206929332876213,2
-1.0961168673275563,-0.8322900368498385,1
-0.9790532708019324,0.02975084120459636,1
-2.051761926898395,0.5015529694518929,1
1.3144820044772934,1.7335960714274286,2
-0.8241040974062444,-0.33035787354622165,1
0.24486049745232447,0.6259673374749462,2
1.548547506076392,-1.6194588628867546,0
4.43346019826403,0.7254944123440491,0
-1.5400836657169348,0.1041170134353608,1
2.0453547353406867,1.606211285023671,2
-0.9851439423449743,0.10927556994258343,1
-2.7948147026477614,-0.7787919780701464,3
1.9097257686803826,-1.4508253691249475,0
0.13989772838717388,2.5213559247344777,2
4.074265458281725,-1.2387553974813295,0
-2.226603491825489,-1.6798203530785252,3
-1.9702106330333593,0.435778751032154,1
-1.7698921267063934,0.5643468161498165,1
-0.87845370443159,1.1101344312763928,1
2.024368479917247,-0.21193959530450335,0
2.9971741848615157,0.7990286396068048,0
3.530426389443027,-0.7859224896546636,0
-1.2271733388377652,1.653946079315302,1
-2.024940009592247,0.40835952523065294,1
1.0094108364002343,-0.058274047474033364,2
-2.4882565675840773,2.065630742880894,1
3.032966767838679,-1.4324399296324355,0
-1.794954076052671,0.5487741127382195,1
-2.3538231214352203,-0.27923678745312985,3
-2.920230490482041,-1.3018982663620091,3
2.6715783809026403,-0.37440238160023187,0
-2.6292531259843095,-0.03130171777900765,1
-2.1809824554374337,0.6911240137795794,1
1.6097133412555957,1.0982831715050483,2
0.9695396194388594,0.8641785515346766,2
-2.3651867148475225,-1.035682717376349,3
-0.39064674901831226,1.2572072502363163,2
-2.54125318555924,0.5167731385570409,1
-2.1388292965352784,1.6666408859670971,1
-2.457086309200645,-1.687409363869261,3
-1.5730871890125462,-0.23106074018110678,1
-2.7373447271288165,-0.8091998070644791,3
-2.576242908131492,-1.7718540755779295,3
1.2410957307586188,-0.07030436975595554,2
-1.1254823935846074,-0.5020875307631731,1
3.4674623337583306,-0.6883624924962135,0
-2.866885673847466,-1.5089479615743169,3
-1.9190741575664396,0.7847292019944709,1
-2.832568486144409,-1.843441926122346,3
-2.5051462474967168,-0.25908531859688777,1
3.4097021804867884,-0.8699228416429303,0
1.1301311470569317,-1.8725314956684704,0
-1.4862401404172223,0.8518033509759833,3
-4.745827342514488,3.3283173005587137,3
-2.551530462980927,-0.1939874380949899,3
-2.4855471731279883,-0.507121134973575,1
-3.1324078417665575,-1.497035644225903,3
1.0747827215515937,1.3854625293109033,2
1.7673641854562647,-0.8712970054351489,0
1.9270449678786459,2.710252567825586,2
3.9138672590780645,1.9054873112939967,0
2.146880277502331,-0.08010373508834313,0
1.6896206419092068,1.4432751759952758,2
-1.0629439664184246,2.090171603963254,2
0.6467562525383326,2.069011604734399,2
2.498070194660227,-0.9374488948483382,0
-2.767578226738457,-0.9408216067005475,1
6.1801174698880335,-1.8577104370083097,0
-2.505999843237742,-0.7310183884907016,1
2.6227419152740383,-0.8090659005743276,0
3.868056220184405,-0.8334696263433772,0
-2.7718611256103696,0.7314715854607722,1
-2.3491148640205366,0.1399660671912363,1
5.179703722447396,-2.6960133713494874,0
-0.04930353236489424,4.495823159183248,2
-2.3944075307877624,-0.26153102427635366,3
-1.3000498626226349,0.621426033984054,1
2.5406421340895764,-1.191008375940445,0
0.9686960545567938,0.034735448540227774,2
2.005041692967367,0.9285714150044265,2
-1.6587981028161785,0.6829878293044589,3
-0.7388470882083672,3.580968124331803,2
-2.441693594977369,-0.06433726173912252,3
0.949352306393412,2.114094637353011,2
-2.636393058935747,-1.6698364029333301,3
-2.234366593746235,1.4649731341103696,1
3.152635826473839,-0.08151947738828827,0
-0.7668494097875468,1.138837537605493,2
5.572937093047338,-1.223412455664248,0
3.1510571258591176,0.916884481979707,0
-2.7997629346655994,0.9418390869620243,1
0.19482632626157181,0.4226781251262883,2
0.47816030522424363,0.24045675360750432,2
-2.5854593534584884,-1.0151737531103242,3
-0.44585309660582556,1.7850196199658759,2
-1.9450272631519114,-0.28377573080733004,1
5.833654364667869,-0.8741793135289591,0
2.1230463439516885,0.18959061610863218,0
-2.394032363238894,-0.9909674006249384,3
-3.0212484962270616,-0.9578739638022051,3
-2.142164828152938,-1.4125842021977153,3
-2.811787158879464,-0.6720370744330816,1
-2.1981655488498997,-0.5316837669161742,1
-0.5305083361000746,-0.264729092213048,1
-2.8841166650547096,-1.1129075833211077,3
0.9984863392808566,2.173604997153121,2
4.796241991050481,-2.08087277652997,0
-2.641961661942571,0.5476547802892807,1
-0.6423230556916434,-2.0903859615546865,1
4.897528197996909,-0.6974155950773849,0
-2.2351831861340776,-1.655345900631851,3
-1.748577503043467,1.9351431035058138,1
3.4394219221956845,-1.124232557676574,0
0.6110192210149451,2.7285751514920324,2
-1.324761364727674,2.2851564869074013,2
2.6471947360555057,-0.7077088357391206,0
1.5597414312802182,0.6016767144648602,2
2.179076219657429,3.3684698805051334,2
1.078802969473671,0.44417473935482066,2
3.2750989517189804,-0.19187692807742607,0
-1.014053843131829,1.1923887047672939,1
3.524736233582668,0.306010614589072,0
-0.6335786890977506,-1.508018192423491,3
-2.863283589936251,1.048877444103727,1
0.36582260597116056,0.7058925875702204,2
-2.646025253578154,-0.8342098563580619,1
-2.345275863371474,0.21830046569323733,1
-2.2379875375669838,-2.1544235521484483,3
4.412873068498361,-0.25318807394951703,0
-0.3753617890475685,1.4332054855098875,2
3.839539610004951,-0.05704038500959129,0
-1.5051863247969448,1.2521250294973338,3
-2.7756788701040267,-1.0753659808772984,3
2.3313894263536548,3.6169087321414173,2
-2.0925967510323242,-1.5575048431447904,3
-1.7391685322839547,-1.2175272802825372,3
-2.4888966274809934,-0.23305146156788675,3
2.6927003754140753,-0.44233264722332893,0
-2.2370315388654536,-1.3393336150662414,3
-1.0851623828941304,1.6907507530349992,2
3.3293229971908733,0.970652436946746,0
5.51525109223486,-0.9364098580889932,0
1.2143575566578992,0.02538700140526114,2
-0.12016855848372064,-0.041839614966825756,1
3.386738675124643,-2.5251909381055597,0
-1.7167442865100677,-1.6256598618038227,3
-1.9356843067726153,-0.11797194682155245,1
-1.6109790383287892,0.5583451689626764,3
-0.8802973967286246,0.21998343622420977,1
-0.3043657286276668,1.2415351914388684,2
-0.18145645692126208,4.630573952660352,2
-1.9963935468375067,-1.466933981942217,3
-3.059431188672615,-1.1654736669628456,3
-1.9469245672722064,-0.8784452166936028,3
-2.06880832754362,0.06376849073620645,1
0.4302189372105402,-0.9485824874863135,3
0.7363808467800556,1.6842057624174958,2
3.0486486655054703,-1.0409531442594673,0
3.0775488325251765,-0.5415249783199118,0
2.888790417643609,-1.92248228340696,0
-2.990893263373325,-1.2982977976644625,3
-0.44678483207931013,-0.3808533618859583,1
2.861886079616766,-0.523056287240107,0
2.9796600479778297,0.6346804731783436,0
-2.1910719462796835,-0.6642001446598434,3
1.4937372981898474,-0.6719304437085288,0
4.549713807378445,-2.27248422997348,0
-2.2749272840087067,0.17204035268635817,1
-0.27262053298764244,2.7943271103537506,2
-2.8678954332730076,-1.4147837221438933,3
-1.0603444916797442,2.5104822044880124,2
2.504443183784478,0.8029194708718402,0
-0.6213995342648745,1.200918397129878,2
2.8649000882322038,0.48402918272190654,0
-0.5450041330539599,0.6865172754236005,2
-2.699778847446698,-1.320848944125073,3
-1.7891768804045654,-0.4312642473567572,3
-0.27600593769818266,-0.5818812375435662,1
-0.9197117368070433,-0.2157902335771705,1
-2.1429374820695677,0.02138706733526848,1
-3.329778389527677,0.2551940056568824,1
-0.31366944276801767,2.5054786942167886,2
1.2048884318223378,2.741411815666999,2
-0.8077367822234315,2.1523801572496466,2
-1.2241879576036065,2.1111093196074346,1
-2.4838844325923697,-1.3476612464516573,3
-0.9786088894306567,1.2059944391377515,2
-0.48709435023601255,0.4964202089740367,1
-1.144943815750855,0.16051843285535758,1
-1.6297708302966387,1.055748499832872,1
-2.1042822535930195,0.1904667343408422,1
-2.638375458526551,-0.498594417502558,1
-2.867418204131316,-0.5153553528167117,3
3.8948131477192294,-0.9902300502448805,0
-2.5011041899548663,-1.496545543065153,3
-2.914350176200071,-0.2427987061203558,1
-2.7141902359181236,-0.11002398855639853,1
3.471926803178062,-1.4234364818811682,0
-1.138778447571133,1.2155965400153639,1
-1.9645277829857795,-0.9988464555483455,3
-2.661872003277544,-1.5057103363869337,3
-2.086843872163782,-0.22424622084196952,1
-2.560628282473807,-1.4621545473274373,3
0.8040742707882812,2.329868607782828,2
-2.7691399707394777,-0.9721555355911693,1
-2.4132457422694995,-1.269276878244266,3
1.3144820044772934,1.7335960714274286,2
-0.35299766379849934,0.9947577787489359,2
-1.2312496070265988,1.8362689015874576,1
0.7276848046813232,0.9038084272843895,2
-1.5128995079347929,0.4925912772349413,1
-0.8605084052932944,1.9650982968581603,2
-0.17695815948609492,1.9372861929674736,2
-2.431394326431932,1.7255992403077656,1
-0.8775835222114164,1.9224468401852637,2
1.9685626334498378,0.5990891590904652,2
0.2993738093370795,1.451732294227901,2
-2.3238130847903125,1.929731744157174,1
1.5428817915078066,0.814030300550535,2
1.4054397325585846,0.11992977494503486,2
-2.773156426724174,-0.6000422324335057,1
4.318623619128386,-1.739046041812993,0
-1.9943248880656808,-0.1516488382351423,3
0.39762293418339756,-0.29293762431045073,2
-1.8314134929694483,-0.58426350700989,3
-0.09111479424605867,-1.3809399781738816,1
-2.9824978850480606,-0.46493960489782316,1
-2.6543103116332967,-0.09469907244627736,1
-3.358080192674358,-0.9136046935333985,1
3.61236749483255,-1.435110241370467,0
1.3375562802596086,2.46575601561294,2
-2.0341896799909382,-0.44169552358763775,1
-2.1094680786795488,-0.5652359343497829,3
-2.308335974879749,-0.4760916620287116,3
-2.869127721872497,-1.007761339108856,3
-2.800753633182267,-1.1965488930897652,3
-2.4411131268414166,-0.06974809722784991,1
0.7326734689995549,-0.7436504922046444,0
-2.767743235769383,-1.293241134952551,3
-2.5509854104636225,-1.6858007723312558,3
3.397769622543983,-1.4013730495622538,0
-2.576496093261036,-0.36812690385546604,1
-0.8748144366139938,1.2532183355609978,1
-2.856231701861984,-0.030710301680351996,1
-1.2312496070265988,1.8362689015874576,1
-2.376627636854953,-1.4472268805291697,3
-0.7332532685400167,-2.0101147833923783,1
-2.0893392820532433,-0.584634238858328,3
-2.477305022001815,0.8553167313642963,1
-2.6150131719189806,-0.09296983893564154,1
-2.747219583056801,0.10266925726913506,3
4.132694316172903,0.46098503093674775,0
6.208367505714239,-0.7254417199400899,0
0.4238684852788324,-1.5452366451882407,1
3.2058012865746788,-1.3497920670872985,0
0.6999156977340084,3.011531129150984,2
2.6028262212268567,-1.4114980505461903,0
0.7226490305997441,0.05581593125814036,2
-1.3751659779027363,-0.4571465147811565,3
3.2476193864583154,-2.5285829475391504,0
3.690076310773037,-1.3949223239119772,0
-2.4831499865569615,-1.0535406362179751,3
0.11768643140873192,0.657968685224731,2
2.355006856247196,-2.030308401596717,0
-1.6049886930934791,1.3170660314866014,1
-2.3657918851679534,0.751961747185602,1
5.2557511019432495,-1.4324722390865394,0
0.9839704692016887,-0.3147884395108439,2
0.10762538474346275,1.7662802507192643,2
1.2348685125972156,1.4918885083993934,2
-2.5783575596129054,-0.27070252407433315,1
-2.695158858740064,-1.1092021516225596,3
-2.8146203160557475,-1.509089360086396,3
2.0109459487467283,0.7892750192408196,2
-0.14354199431968293,2.707494402002116,2
3.619336041338334,-0.08961927650762502,0
-2.298761060074269,-0.7102373174849728,1
2.796127508682123,1.6759208554903984,2
-2.529339776148369,-0.12318747122545967,1
-2.167110988474363,0.08487335519873966,3
-1.9646055575537693,-0.294733931278486,1
2.4334067704243174,1.8355379085054864,2
2.168926623162174,1.332373504858874,2
-1.553452127262803,0.8801244888378696,1
3.2750989517189804,-0.19187692807742607,0
-1.3066807034691499,-0.6497263246675065,1
-0.8970565773151795,-1.726791701619664,3
1.2361912445374104,1.6463623826268878,2
3.8408633786773945,2.140067244181618,0
1.3706639169191794,2.0276223413103374,2
-2.963874393506765,-1.4769773680827318,3
-2.771746962059849,-1.2286890800290269,3
3.6116255431161814,-0.049039032273589946,0
1.8177629223702552,1.0385872621409498,2
2.753767814332398,-2.032992661905883,0
-1.613826514143014,2.6249413256271183,1
3.8987381270999064,2.5869781459787156,2
-0.9139538081845975,0.25153294522262226,3
0.6562152738899149,2.678929798283242,2
-1.7909935460299529,2.184865957840762,1
6.300693801874619,-1.463371090451257,0
-0.11662745794055734,1.0405023753089753,2
-2.377056885307728,-1.4960034309861399,3
4.422072543606786,-1.6321804749323625,0
-2.628144890142875,-1.4003561365032742,3
0.012476460229336572,2.990453994281781,2
2.83544746787641,1.98137082749222,2
3.3667094195943457,0.06804798711962268,0
-0.6590655004025318,1.99456942605187,2
-2.5509854104636225,-1.6858007723312558,3
-1.1011339285453108,1.6210529380182916,2
-0.405001435886359,4.977504305630552,2
1.4203199312592267,1.2493973857897145,2
0.6095077568362068,-1.224045700962353,2
0.3147960985884915,2.58708254911729,2
3.253619787296802,2.0150093995030978,0
4.343338347540074,-2.191436117173402,0
1.3090923665268617,2.2273847906070805,2
3.51556453896275,-2.5903519141007885,0
-2.250837992767826,1.2972908161369674,1
3.8182466870845153,1.9483649133583405,0
4.778161517902737,-2.1960483134370334,0
-1.9690398737975152,-0.8731026871147237,3
-0.8928507953036428,-1.3894065798201185,3
0.5733240821305318,3.373642290279665,2
-2.1417281885114665,-1.5401494507788294,3
-2.4258877296881187,-0.8936880114195108,3
-2.4525619355733754,-0.2854366610717724,3
3.720937995137234,-0.819335673394755,0
4.985848334079794,-1.5005165471220272,0
-2.20280640949716,-1.650086841874354,3
-2.6081436729574916,-1.2482635151432522,3
-4.1437592900239695,-0.9042944255230446,3
-0.2237302150907306,4.037465340569011,2
4.569234537816054,-2.398052709336194,0
-2.2900777397855583,0.9031260800438775,1
3.0851375689344183,-2.232248907200532,0
-1.8156688438182016,0.14194691884855373,1
1.463502897306595,2.580142938943166,2
-1.6360829343123047,2.1255201009764675,1
1.3794848465344602,1.1671337496516296,2
-2.250837992767826,1.2972908161369674,1
-2.299764680562545,-0.5128073763234746,3
-1.958824515588859,0.8354270541996166,3
-3.172968999746278,-1.8005933673295376,3
2.6306559725480056,-1.5539970815415003,0
0.28167981117835256,1.938467430610868,2
1.6597988687015777,1.3412387461502402,2
-2.5167204311501843,-1.4188883804184078,3
1.5980701600332576,2.1018803809928235,2
3.805894614070578,-1.478802563727193,0
-2.421489001758998,0.7041961715459352,1
0.48407361891078937,2.6285985145282678,2
-2.4267023411110658,-0.8393641410545798,3
-1.843197612978166,-1.6296378812236973,3
-1.574979279919587,-0.07467395748548841,3
1.1894549330811406,1.5924366042729883,2
-2.6876546823192915,-0.5024020666681881,1
-0.9054163400959928,-0.5713568431480167,1
1.7383315847375782,-1.6070977705740372,0
2.6322587964805586,0.3875398836315525,0
2.280723957382288,-1.38887937164822,0
2.6639830565736244,2.457177816036673,2
-2.734919250054341,-0.013244270137240405,1
-1.8829262804229192,2.528834184409769,1
-2.763770423288431,-1.3261715851445093,3
-2.6479588411537724,0.9623861853661024,1
2.649669963190667,1.2729686002018494,2
-2.0893392820532433,-0.584634238858328,3
-0.9162154846773133,2.9686028601956562,2
-3.0129151555101057,-1.199963322215408,3
3.7433789022913357,-1.4220861882928897,0
-2.585396170542822,-1.3489333085428277,3
-0.2297494196949513,1.2388095908647208,2
1.614514579242248,1.731510218856903,2
2.193123947781147,0.20289974754110493,0
-0.7006086382062789,3.6693559911381515,2
0.16815336487359592,4.51082876733426,2
3.209971423959658,0.7904746392679778,0
-2.586367925147501,1.220682572958219,1
5.377260876654516,-2.530954714810666,0
-2.7618321312293754,-1.6873438006113748,3
-1.1011339285453108,1.6210529380182916,2
-1.444312812332174,1.8584226857286341,1
-2.45187294827447,-1.733551894131019,3
2.6465671561118835,-0.7514483199855492,0
-1.6870797049640776,-1.411393190382554,3
0.24366025248284218,0.7627037679188395,2
-3.2186095179087397,-0.49413477234241915,1
2.1678928595888944,-1.3282069625839088,0
2.016228352841693,-1.3414856209547341,0
-1.5075677552688038,-0.5005952484762997,1
2.955340957405924,-1.9633605229248947,0
-2.505999843237742,-0.7310183884907016,1
-1.7242303876870333,1.5846938028131163,1
0.5785769148710159,-1.9421474119532274,0
-2.0009154338294923,0.6865148572025426,3
3.9991839994491345,-1.4520425294110322,0
-1.7726855771335925,1.000326112165412,1
2.7281377612032807,-1.4358088137621738,0
-2.9336691900453022,-0.8268695756544497,3
-1.014053843131829,1.1923887047672939,1
-1.4016320617656814,-0.7541130922883109,1
-0.8142059137188927,2.426015855918831,2
-2.7423275964656693,1.016672145234981,1
-1.6738464032197893,0.01699730124036069,3
2.8890750066349558,-0.7831541446097215,0
-2.040970295972902,-2.237470266167008,3
-0.05307996654954662,1.9514173964428065,2
6.5962452973577115,-0.856899688182504,0
1.9823198673471578,0.09904980195150784,0
-2.278487746372211,-0.21900143245835513,1
-2.7343451432090733,-0.04240778753377287,1
-2.61123030494988,0.12190685889201144,1
2.3782588106439295,0.9144902673786593,2
-0.08008012743594274,0.9509310003248235,2
-0.6874801457369035,1.431427930696691,2
0.4437233975226929,-0.24839907097519767,2
3.3196592485698213,-1.3522783911034997,0
-2.3790168887399172,-0.6793269231356521,3
3.2338355311429265,-1.3787591485613597,0
-1.7859949933090775,0.1139349170856646,3
-2.9447155369101794,-0.36620942585704236,1
2.4060276299525847,-1.103674582302333,0
-2.9224543896684083,-1.6873071219379574,3
-0.8301123075220402,-1.794199074833059,3
-0.44678483207931013,-0.3808533618859583,1
1.5936391077523138,4.405203288870995,2
-1.6639459877433669,0.24351625018292056,1
-2.495665677303067,-0.19748274457621426,3
3.700128949114732,-1.7000982892140193,0
-0.835310809437284,3.973283435711961,2
-1.1233010230527527,0.8380881869666222,1
-1.2567849473218045,0.8551249340288611,1
1.4961483411570626,1.981841500507459,2
1.491221107834998,-0.41673216606921687,0
-2.6675511595125654,-0.9048898429597108,3
-2.3333340775282103,-1.2339251939789624,3
3.188907550072333,1.1230528622288278,0
-1.5300097838364985,-0.36002472917792894,3
-1.9846379666383787,-0.09357323479094792,1
-3.053355698753763,-1.277779257950249,3
-0.09663396399348329,1.638117831801041,1
0.09728164466872953,3.6363521306045627,2
0.26154472128731393,1.8571889487624031,2
3.131069558616123,-1.0623303183199606,0
-2.4085157836307625,-0.5967588475151375,1
-2.689212803784554,-1.2926258213422888,3
-2.526913240132426,-0.8411567114245572,1
1.523489260177655,3.11706226746163,2
-0.29878295788892056,3.1253775693597414,2
-2.5686638056828515,-1.8351031151420643,3
1.8961553386332275,-1.557766468948417,0
-1.7972289079343926,-1.2877581677874905,3
-0.5505913692002785,0.603284253044733,2
1.535389775742065,-1.286952873644884,0
2.580348452780111,-0.48485818658063834,0
-1.6115843568951456,0.14839752402068282,1
-2.1379619516366684,-1.6047615525246164,3
3.272977771194853,0.022059181598255047,0
-2.4941768708854206,1.301137389144468,1
5.227727103437739,-3.258922786686532,0
-2.134664641612891,0.47172314836257745,1
-2.567733860076476,-1.5823667628544382,3
-0.9588202885237495,1.4568463975109387,1
1.8702895480038213,0.4112613493315389,2
0.8438056183537243,1.9725409428510068,2
3.018987754645867,-2.1043020417711054,0
-0.5933354614734675,2.9816059257485676,2
-2.3225029785787052,0.398043831176858,3
1.5938272003136444,0.35507798954873687,2
-2.2288338554990013,0.13276993909621543,1
-1.7513330926807402,-1.97314402801554,3
-2.3729858407306343,-1.4158877922230253,3
1.0977241759125973,1.577490964735132,2
-1.9014170734891647,-0.2628675749345286,1
1.9785928177134822,0.5135178442253903,2
3.9138672590780645,1.9054873112939967,0
-1.283543840585795,-0.611768160565461,3
4.3974108508429515,-1.55462255159512,0
3.4903404757990857,-0.29568661039165506,0
2.6199375260722673,-0.4444069350621962,0
4.53021183082496,2.0086470325511927,0
-1.5820389420731131,-1.6859089704735284,3
-1.7521836730214377,0.174556026224269,3
-2.9237815904146407,-1.3241941331788425,3
-1.179354564896798,0.16900498239712067,3
-2.5708934771254315,-1.5856961992589182,3
4.134530144926034,-1.5746739365808422,0
-2.023220517665291,0.2901877244721104,1
-2.4447804220029252,1.1813837607905162,1
-2.6199323932969745,-2.4958419889483334,3
-0.6476203899640609,0.7267412536675306,1
-2.4638087884611553,-0.8422353920249162,1
3.225977602437727,-1.2028609749523247,0
0.38081761605653475,2.5258725070644426,2
2.2741685224108132,1.8419263948263809,2
3.477613489262392,-1.9331817479342104,0
0.30049180560758665,2.204886237359478,2
2.3670510603975834,-0.7794978784125597,0
-3.1170103204726334,-1.1947078177608528,3
-2.7575785438820706,-1.0724609306664314,3
-2.2486327448785564,-1.0820525938507466,3
2.208341289160477,0.1818309951601031,0
-2.673062692517374,0.08199416017211543,1
0.8924927993425065,-1.5052064414454087,0
-2.558559826435908,0.469330228892161,1
4.706917615189567,1.3374019162507902,0
2.7164489167300028,2.347965306908669,2
-2.54125318555924,0.5167731385570409,1
-2.5992145138115696,-1.0658910458978397,3
0.008081242714094284,2.0421800383541124,2
-2.408650873223271,0.2964959382549626,3
-2.20258664333795,-0.7376918655341188,3
2.0222920189924642,2.8284611703391316,2
-0.777382887538108,1.1493282033358132,1
1.4869402770921896,-1.0894265338927458,0
-0.5564929953199113,-0.6199379674573361,1
4.188062560979405,-1.945107200134312,0
2.9210647946643955,0.8738454891537023,0
-1.7752530829793902,-0.4397867688981011,1
4.434121191781021,-1.116501857850398,0
-2.5496943813738637,-1.793626538233403,3
-0.5363047800414551,1.2425919144865178,2
1.4231825240332308,0.8151671294808833,2
-2.876222574895832,-0.5098048113335134,1
-1.8819596993104584,1.071965866178207,1
1.6274680802585675,1.8628859998656013,2
-3.059709685000507,-1.0780999389936587,3
3.731363289332858,-0.6298535971853094,0
4.6924171926250295,-2.3258404495441605,0
3.97970701875402,-1.0359417140605092,0
-1.7729956358268883,0.24184983164880458,3
-2.556341615945834,-1.3332817765196336,3
-1.8683410476925761,2.1788329779822693,1
-2.0441552513563166,-0.05416267616009747,1
1.5980701600332576,2.1018803809928235,2
4.707667618477083,1.376936708725403,0
-2.42014959743702,-0.15852641487467656,1
-2.1094680786795488,-0.5652359343497829,3
-2.4704095770938688,0.17288005299407472,1
4.57564091633485,-2.0325439922477955,0
1.861543263150754,0.1480347357875623,0
2.5234039111315587,1.9175559192903233,2
0.06566214595714902,0.5323572831402026,2
2.602676623631293,-1.0394998541809417,0
-0.6707511790292368,1.0900038200680977,1
-2.679942974385635,-1.2625574747891741,3
-1.2959304097051116,0.19678590278193672,1
-1.1160083201871092,0.7737135188131694,3
-1.3996504323059114,-0.6508926189650543,1
3.6188731040156963,0.349165980495075,0
0.2726467410549921,2.3992446399744316,2
4.525783123791299,-1.0200583522602908,0
-2.066397260732109,-0.3606890902086655,1
2.5786160896981425,0.2898777656429029,0
2.400382421319713,1.2348401952144514,2
3.6035725602177004,-0.1711571679479604,0
0.6930548840939666,2.226059190481872,2
-0.44131568005125515,1.7785760086847497,2
-2.6329395863893703,-1.8240985543947144,3
-0.5584364780810411,2.655147166956104,2
-2.649381606815303,0.6071844648301308,1
-2.2996764707741293,-0.05305551591000178,1
-2.2361343207867557,0.16914721750422687,1
-2.2685241591180287,-0.250323803822617,3
-2.2665865002650087,-0.36361837927188767,1
1.8122290029970214,-0.4083702276073926,0
1.9907275830850963,0.4895473801633819,2
-2.7699844210282545,-0.8026284587596216,3
0.856061296845747,-0.42576011112617385,2
2.3513358655915955,0.7751937624564947,2
-2.4243033676297774,-1.3868566504145603,3
2.293050895231678,1.9300907133683975,2
-2.5709438266208404,-2.108546111401964,3
3.386738675124643,-2.5251909381055597,0
-1.8958982442259922,-1.4274084308846784,3
-1.3411989464986251,0.2876667763573395,1
-2.6352922882187344,0.19972921105074695,3
-0.8703971813476773,-0.04596976704345575,1
1.931451816941565,-1.1555446668955776,0
3.4154875393497464,-1.6694461216800345,0
-2.097780853541816,-0.6374059287339734,1
-1.8683410476925761,2.1788329779822693,1
-2.245708774499722,0.12551579911278793,3
-1.4287227121009,0.26880410028637036,3
-2.3483112136225675,-0.9634236406987889,3
1.9434164993891325,-2.078154145120165,0
-2.497161204699239,-0.8782121421505468,3
-2.064769625318628,-0.15265792304049802,1
2.818988013247138,0.5170136806944439,0
1.2557355817399478,1.904536038177111,2
-1.5979631718120606,1.7349371735350707,1
-1.7821193585872488,1.6727358777596366,1
-0.2247561017586708,2.167203603658929,2
-2.2066487213260007,-1.5693172940115627,3
1.976047906850176,3.4759208573077536,2
2.7736021113371403,-0.18282226101296994,0
-2.0618520475816955,0.5020057292905256,1
-2.1981655488498997,-0.5316837669161742,1
3.9370402263179742,-0.9007437378765648,0
-2.20280640949716,-1.650086841874354,3
-1.6313496684352657,1.498689296388369,1
-2.56155378804398,-0.13674975577177892,1
0.5605990892973379,-0.0930405751142843,2
-2.3793420094876345,-1.3210736634451345,3
0.4753959274660253,1.174874983886407,2
1.8961553386332275,-1.557766468948417,0
3.6778820216653525,0.02942042985301113,0
3.6711162388468335,1.5798936438328177,0
-1.4915965698679026,0.7754522752236866,1
-1.2606561988156977,2.8792490874397503,2
-2.530685017325582,0.1280664652827456,1
1.3090923665268617,2.2273847906070805,2
1.2723425755466653,2.992105495031993,2
-2.4329977005855663,0.5703103596699952,1
3.811602124928855,-2.4309193288350297,0
3.0031641117731316,-0.9950471772143911,0
-2.7429331469147393,0.573664519990789,1
0.7285257937109988,2.858183249119191,2
1.312888369534716,-1.692767354709449,0
3.1756753728658276,-2.0810725319487258,0
3.8612102410453137,0.6756465652614893,0
-3.110016510173871,-1.1933282911759882,3
1.5606958981876218,0.5322336270995299,2
3.4311994821967633,-0.07952605236198287,0
-0.0126468627147737,2.2634610363001935,2
-2.933488757335035,-0.5868751308057746,1
1.1440950114550836,0.20306366423710093,2
-2.5786423624664727,0.013142382912901845,1
-2.2749272840087067,0.17204035268635817,1
2.624032151873961,0.6002973152416774,0
3.4973970754362687,0.697077787646602,0
-2.825590758675867,-1.1750451929460766,3
-0.35520259474939475,0.7949576027760165,2
3.4684616683827105,-1.7996080545535988,0
3.9966213422820864,-1.0247225390020978,0
-2.143765236701343,-0.169676751011955,3
-2.591549944647287,-0.876377151360316,3
-1.3515302226817072,1.284817526806356,1
1.151820981128606,3.3245016388493243,2
-1.7419990597097486,-0.5994390342051639,3
-1.5400836657169348,0.1041170134353608,1
-2.1928578739560147,0.24630676689234104,1
4.127429498351096,-1.9400439246166068,0
-0.9132651442345032,1.270117850123456,1
0.6467562525383326,2.069011604734399,2
2.8069179790714403,4.725263821466333,2
-2.440232049586918,0.03357877378289674,3
2.9575460525040276,-1.404812683595208,0
-2.5974473184026072,-1.2368431097849482,3
2.1685244526429224,-1.109421336910766,0
-1.0136739032772986,1.5480907620206819,1
1.6140267481425894,-0.14440863350385127,0
-5.196970661803959,4.207653757674411,1
-2.0304152399010125,-1.4838379664831662,3
-0.36664205545283796,1.3892787077178903,2
-2.9330323840443917,-1.5532290157989788,3
3.480745671672827,-0.6679002444817083,0
-3.0074457750594132,-1.1603159248371728,3
3.031971428994976,-1.2258871110375655,0
2.6920338066828866,-1.321415808097418,0
2.388018091471027,-0.8394803691100486,0
1.7454564424130878,2.576126342135199,2
-2.3833291222934383,0.5226514713051578,1
-2.0057343463642447,-1.017266599695512,3
3.5901870117444736,-1.335291263775121,0
0.18298255564391658,0.2286220059372032,2
1.0442321285643383,0.49932876042437135,2
-2.4675205592141913,-1.6494750724382068,3
0.5254461055735575,-0.4451095119052808,2
1.7438663996240231,-1.7472702612444058,0
2.861886079616766,-0.523056287240107,0
-0.35785265413911166,4.076983005667005,2
-2.342849442676998,0.14084468500851213,1
-2.6730565075126536,-2.092554956596643,3
-1.8856998040816526,1.6217515109088232,3
5.750795277706406,-1.9273211410253397,0
-2.5606779338477255,-1.106164962879275,3
4.027891964443445,0.27486223414394606,0
-2.4863521211333635,-0.44996093540189175,1
0.45804534234074196,2.9933891187293544,2
-1.377790678639536,-0.8493567192775744,1
-2.2713711393125693,-1.875819556411498,3
2.034115208875204,1.4457707441147944,2
5.317173323337445,-1.919567097634501,0
2.1513056353244386,1.6989712283255733,2
2.0994532843159015,0.4930768509967829,0
3.2148032544192082,-0.6276363456762404,0
-2.7476489924023264,-1.2911086717096534,3
-1.6751762264056818,0.25832106120449727,1
2.230343966130342,0.4573252230405561,2
-1.7782009282277755,-2.389701486601933,3
-0.39795798778666536,-0.12498775459132591,3
-2.2158834252805044,-0.5964619300571891,1
3.544271995981583,-1.8742119855867208,0
1.7694293715193423,0.9126989472774103,2
-0.8762983139112832,-0.44441489807154955,3
4.862553367443512,-1.3258599709023196,0
5.1633354299781145,-2.2926813387169296,0
-2.6190050668207956,-0.8184567860337773,3
-0.010108948672127496,3.047344594700824,2
1.817932687308007,-2.6981210959186552,0
-0.7877048376057757,0.5896769513457992,1
-2.321169096766497,-1.092262595823199,3
3.0668393835755206,-1.202518505069062,0
3.147651182110919,0.7716190834100143,0
0.5259705924131596,0.7200377918272275,2
-2.452942866936298,0.48485805478175503,1
-2.3349959772840183,-1.8621557624267586,3
0.2501797135063218,-1.77590883863048,3
-2.4816279318611745,-0.6813473923643928,3
-0.8337598044322508,0.10921627274485092,1
2.3722329184199533,-1.4013871996443639,0
1.9608488492716778,1.3711558871747853,2
-2.56996265972971,-1.5400900873464989,3
-1.8759917393876742,-0.8572397716084584,3
-2.646848395895967,-1.4906418589672943,3
4.471355324422162,-2.4678726794147265,0
3.038892690039135,1.1037318435885584,0
4.188807838749089,-0.8960128362713304,0
2.544039223801995,1.7886859971074094,2
1.4549848659373787,4.107022170031968,2
-0.09919160144908472,2.942514352035138,2
-1.9963935468375067,-1.466933981942217,3
-2.4048734438400152,-0.9163662360917676,3
-1.4352408494727182,-1.0982662815358715,3
-2.7927536994047766,0.1094960177373898,1
-1.6801276854291813,-1.3389772551118215,1
4.040710534288024,-0.22932302105961924,0
3.5779498402346435,0.14565118640761765,0
3.8774886459387474,0.23290032654251525,0
2.9861231406256907,1.6416945656705757,0
-2.61044869490945,-1.6663144771708618,3
0.2823368468235124,2.278195939798466,2
2.146222209221002,-1.7499638088929723,0
2.7864121359740133,0.33031342908594236,0
0.6049365860858921,2.264712833857579,2
-1.9747576289160398,-0.5619473965122543,1
0.48688794515685246,0.6710830641293264,2
-2.637282271185897,-1.0262393784107269,3
-2.982334891779436,-1.0469343664707296,3
3.152214153990142,0.7244911679135929,0
-2.664400166084136,0.26273428645899666,1
0.3330861097136488,1.423392075048289,2
0.35774778144075664,3.1382336389125403,2
-2.140333977705614,-0.7137589271292687,1
-2.222471896348692,-1.6957679998249189,3
2.5517195692324046,-0.9955390757841508,0
-2.223971651875606,0.5672684848984502,1
-2.6903236993193778,-0.8990620992283602,3
4.497222638961381,-2.0172516598213144,0
-1.9917464608682127,-0.3763014486245915,3
2.790109967424281,-0.34354550803260014,0
4.205718278572886,-1.8138413729715468,0
2.7535476176800477,-1.317385419597517,0
-2.5378635093511606,0.7159977620295883,1
-1.553452127262803,0.8801244888378696,1
-1.0834471729820063,-0.2476096783840915,1
1.0218291821972116,-0.23225507033170736,2
3.2460607262918115,-1.3462617007217477,0
2.96921598333079,0.7530801302828279,0
0.10429615152864045,-0.705077794047892,2
2.472922290344623,-1.7704899467503925,0
-2.6767740305564094,-1.7129424849375336,3
-0.2740762308664631,1.9772414091341077,2
3.9959433344267516,-1.5898395186485363,0
-1.6115843568951456,0.14839752402068282,1
3.165389968884993,1.1887457893258115,0
1.680358666218773,0.7521814221000449,2
-2.140409577248533,-0.7426190796672965,1
-2.1419435625762433,1.236071704742702,1
-1.6374107584013597,0.018359395166978546,1
5.06124430467862,-1.0185730162929774,0
1.8429736161493102,0.807102425853043,2
3.307179427132956,0.19405313086444903,0
4.020966878278766,-1.1812023998033367,0
2.4384042255592244,-1.4120924379226434,0
0.7850702502986304,0.8741963889128306,2
-2.363656017753153,-2.1953298631975686,3
-1.5979631718120606,1.7349371735350707,1
-0.40854476878728324,0.9033497138279463,2
-1.2975730215885612,-0.04209946091744238,1
1.2060422150834489,2.4648678834136866,2
1.7630471787397373,-0.5684254148233868,0
-2.4575498911728126,0.7963678237773679,1
-2.6589384429320146,-1.5496201832037924,3
-2.8998935348652566,-1.1209903400940422,3
-2.0755688947769895,-0.16018674550404935,3
-2.6352922882187344,0.19972921105074695,3
6.105766592534463,-1.731025894518289,0
-1.0699795246920483,-0.1284659955816875,1
-1.157499775353938,2.5022358471408244,2
-2.143795578964745,-0.06770428048316315,1
-1.671520870492332,1.740932701513698,1
0.23347135399959895,-1.5783967236716259,3
-2.4272729571329523,-0.7456342334719077,3
0.34922743658448324,-0.031644509068858746,1
3.434970098134062,-0.9412403292892442,0
-1.3931491073209903,0.4841780254373607,1
4.546352505917451,0.053033082318355115,0
2.847443180172262,-0.15739077047865743,0
-3.018368346248435,0.41765609195227804,1
2.5926836083470066,-1.648340687020541,0
1.9238823609021232,-0.6146115413680349,0
0.43594001854018194,0.7129155935718448,2
-1.4315361917774356,0.9851846347866555,3
0.25765335001452394,-0.7342544336341043,1
-2.6103964453801836,-1.177567074298172,3
-2.753604576085449,-1.4818951053403102,3
-2.126774638082848,0.006701990911295354,3
-1.8806276017155845,-2.17206571114951,3
-2.4525435932728272,0.30222502759293673,1
-2.373922594295069,-0.030799582559063187,1
3.6055790231807343,0.9113706563318261,0
-0.6615183479784746,1.9399617894755814,2
-0.12356703455866527,-0.08217196342478257,1
0.7517456951936246,1.4096900697318038,2
3.7935524004304693,-1.217858592671573,0
-2.186302034442037,-0.2855314538487506,3
4.733781276568241,-1.2868124622806532,0
2.3355971512670046,1.0024932735243948,0
3.64276348100178,-0.12322610795777414,0
-2.6876546823192915,-0.5024020666681881,1
-2.020616130876067,-0.9958300564018173,3
-2.818185005423617,0.6660976660369056,1
-2.7822415072238424,-0.0968574289584242,1
-2.998113881912606,0.9493780554192819,1
-2.363305595373636,-1.1122862012182868,3
-2.1964789942339866,-1.2937308351887444,3
-1.2155516335676857,1.2649816506528964,1
1.5319585881380622,0.9717660809128356,2
3.247948192267321,1.9727076422257068,2
-2.3417225806785242,-1.4983790268291155,3
-2.691783635506037,-0.27597802084404505,1
-1.8028119044067474,-1.2398652334870912,1
1.0874736922162822,3.0517059579011363,2
-2.6612997918177173,0.0931648178969693,3
1.6250565328412492,2.2138007583168604,2
1.7120588212686627,1.5058803532532485,2
-2.864447920496896,-0.606624720586606,3
3.530193418171415,2.026332102535079,2
-0.8811219961095852,-0.6186955624439158,3
0.3977130394433031,0.14010526298433287,1
2.3313158204777142,2.015377761744203,2
1.5037674191000017,0.9253984143264808,2
-2.3831339456136544,-1.2308417398095552,3
4.123438381712014,-0.32705759809100093,0
1.5298223344742754,-1.0746640334424291,0
2.2510567207426537,3.6692172860030468,2
-2.53395726423978,-1.4183680613913372,3
-2.2935659851878225,-1.6309891196126092,3
-0.3856129926835485,1.664959340889988,2
-1.4939327525032384,-0.562026032725265,3
-1.1988464068615379,-0.42069641435719957,1
3.0794106416545666,-0.48751584118257946,0
2.8781546907049194,-1.1418654699134232,0
3.27743393182673,-1.1192077867288115,0
-2.275877872183549,-0.060146938761174815,1
-0.7909034673924021,2.1007459265735844,2
1.4934206177384128,-0.19758174332921855,2
-2.6493608141531304,0.2410304325776116,1
-2.14188787559143,-0.7104064614197281,1
-1.758186521328136,-0.5086181346386701,3
2.697831532632082,0.1445651400167463,0
2.649669963190667,1.2729686002018494,2
1.7675030419473161,2.9781344066437314,2
1.2876800220971159,1.3418982442281662,2
-2.1106365711262187,-0.6372936711777637,3
-2.209822779991,-0.9052471010826694,3
2.6028262212268567,-1.4114980505461903,0
-2.258498963077953,-0.1536503907509224,1
2.6639830565736244,2.457177816036673,2
2.2680864913765486,0.5840212286731471,0
-1.1536304846043202,-1.0085435121893898,1
1.735673307877579,1.6391602643346732,2
-2.050235555345636,-1.526173197308797,3
-2.638035590454421,-1.5067435875969653,3
0.06960616504339259,1.5669046538440088,2
2.717201294215726,-0.3609980334693848,0
-2.825590758675867,-1.1750451929460766,3
1.4284243364905131,-0.85243803413857,0
3.5461279547417615,-0.9189575184884848,0
0.8011828404513011,-1.0515912127619005,0
-2.6530025760809104,-1.4537135037289657,3
-1.5152519126821156,-1.4065694089090497,3
-2.404139706020001,0.9755793915776788,1
-1.1713079550204217,0.9190407137008099,1
-1.8618897045983247,-0.202207758672707,3
-0.3090054138635887,1.6819161280691302,2
-0.4770983921630761,2.319547030558811,2
3.3667094195943457,0.06804798711962268,0
4.840412373853309,-1.133839673450045,0
1.8445971495928477,1.666395134027015,2
2.1078017069612165,-1.6416740346854606,0
3.7308022873789093,-0.3610533833386293,0
-2.0312917536596613,-1.7411918643806754,3
-2.0403711479196014,-0.896518979459094,1
-1.2857495880399272,1.962056926810171,2
-2.3481413924664993,-1.33382552752678,3
0.21065046822025674,-0.8255779600240121,1
4.681126447758742,-1.5612112111143321,0
1.0874736922162822,3.0517059579011363,2
-2.2281806596171077,0.05544823435105827,1
5.355013406656246,-2.779002536953273,0
-1.4267383403306704,1.6305839780384785,1
2.5602158681692324,0.872764613289415,0
0.7451970769400906,0.6444427347660016,2
-2.27112212390149,-1.0854979852786917,1
2.003455435302482,0.8725384340964824,2
-3.0364481604024753,-0.5966539286951947,3
1.6335498002080246,0.6332376755986997,2
-1.8083956489007234,-0.9584524207420695,3
-2.579185849901146,-0.8402546092149447,3
-1.0699795246920483,-0.1284659955816875,1
0.7966951903628378,1.3381109105673898,2
-1.0763080683436137,1.5784650490212624,1
4.012453014851904,-0.6326842825428547,0
0.12477387940475097,2.417824398685202,2
1.4132345334397378,0.6820650819526547,2
-2.404945338875701,-0.4514316588437008,1
-1.3596550254387247,-0.4831512717509541,1
-0.526966140926451,2.189533141361808,2
1.8749602251434077,0.875164223137407,2
-2.531623851552927,-1.1578110332407514,3
2.426203846390542,0.8152173510849938,2
3.683945057360973,-0.6585246494499468,0
-2.7159237295341634,-1.0061532744847093,3
-2.1290789772762966,-0.3504828741056651,3
-3.0090384406274246,-0.5056624204008682,1
-1.8618873882539488,1.0097720272410025,1
2.3433092870950674,2.135921395185366,2
-2.242919919712896,-0.3756483366867041,1
3.4674623337583306,-0.6883624924962135,0
0.47170681834755096,1.2584695413719391,2
2.7221494870395797,-0.8511596373136318,0
1.5759899040352225,1.3995049033571072,2
-3.4223106615334116,-0.6459338401290218,1
-2.645428125885601,-1.2078958457772904,3
2.8083644314421106,-0.9242408985535489,0
-0.17770851698958395,-1.967303888567149,1
-2.429932798012479,-0.22147306877697312,3
2.922904218327406,-1.1090208974365288,0
-0.5904116042285803,0.5821514916905266,1
-1.6188342511212939,0.9257552852017457,1
-2.81330206357975,-1.7133924306251866,3
-0.5087053194210107,-0.5377695941663448,1
-2.3120059841621554,1.6881358007475735,1
-2.97686036707007,-1.4741363813036048,3
-2.5718573398392537,-0.3245967918683816,1
-2.0561686318087133,1.043218265264253,1
-1.6376017054184364,-1.180144632450971,3
0.5645129859734693,2.521605967653479,2
2.4616529752408858,0.21760963482826207,0
-3.0013287126463397,-1.1946984834832008,3
-2.264118275820597,1.305443450128159,1
-1.0302111283360424,0.7888724967483244,1
-1.5735604907718417,-0.1686690085142142,1
-2.4711870761992936,0.17751278232205073,1
3.5500098186286624,-0.785813875244882,0
-2.5887749407723026,-0.47200122715880616,3
-1.6188342511212939,0.9257552852017457,1
-2.689212803784554,-1.2926258213422888,3
-2.4709681228315232,-1.6121410843243833,3
-1.9433756994238556,0.7032490952364809,1
-1.8706720356210842,-1.1001486816921704,1
0.5196759531696258,1.2554714749257776,2
-0.22056855224770258,-0.43614899957659986,1
3.0888166476369507,2.273626857263527,2
-1.106154915721056,-1.056968566669827,3
-0.25232241760669566,1.8811206109331882,2
4.229743691259983,-0.5905110568041418,0
-2.9930642313263953,-1.6173776165616685,3
-2.547825181817015,-0.677466059531396,3
3.8612102410453137,0.6756465652614893,0
1.7722015306447116,-1.8950730369181534,0
5.118114819717712,-2.0292291036867423,0
-2.315444076396351,-1.0880050994413673,1
0.06803329272654411,0.9056596297973015,2
1.90355047988319,1.4028000434180132,2
3.334847713195879,-0.5788115053494937,0
2.2872842119487213,1.4870655111178976,2
0.48183401566879297,1.58353115117011,2
4.492546401081536,-0.9288024650717736,0
4.373383319466418,-1.1667869304031846,0
-0.8127310605918401,2.4581147927056635,2
0.38662182121636496,1.6166013036514921,2
-0.8947616231539309,0.47097147776751463,1
-2.7197152816805805,-0.5142755436816698,3
-0.6605298777186464,2.283098127002238,2
-0.7332532685400167,-2.0101147833923783,1
-2.1577488104050877,-0.93817345081363,3
-1.6907802714695586,-0.6545333675581424,1
2.669778273616739,1.8236326546936703,2
2.1783757434496493,0.1690786287357908,2
3.7588743081496507,-1.2678611732962817,0
2.922840441874155,-1.102661383199059,0
-2.1879168003311396,-1.8332964008851138,3
4.3419169977175525,-1.23321296056015,0
-2.489422316972621,-0.09997954358744282,1
-2.0215894088508297,-0.42057395242773077,1
5.2454484816422875,-0.7272280320470126,0
3.00564712194451,2.1880285047294743,2
-2.9320879803649533,1.401119971694549,1
-1.6044428185011779,-1.3438330655327573,3
0.1811257316391175,0.770271489715237,2
-0.6095703401505393,2.6224290576032594,2
-2.792121304561971,0.2870427720905291,1
-2.49059960096689,-1.2257154488295645,3
1.247609324305156,1.6992716466890172,2
-0.8127310605918401,2.4581147927056635,2
2.955793628085905,0.03138097655520105,0
-1.9963935468375067,-1.466933981942217,3
-2.2144678353046148,2.020054087505943,1
2.3394347930126105,0.9611758262895684,0
-2.5952723934310185,0.6519813814069425,1
-2.143990241704788,0.07653644776355523,1
-2.204141319483019,-0.22731865607841883,1
-0.32194029335487867,2.8774220590776536,2
3.219816215257973,-1.819265466848881,0
-2.5873528394403933,0.1454636386502541,1
2.915751326280261,-1.6300600723097938,0
-3.4874521587888556,-0.1492400205044723,3
-2.559462728873683,0.19299331348972132,1
-2.7373447271288165,-0.8091998070644791,3
4.569234537816054,-2.398052709336194,0
-3.053355698753763,-1.277779257950249,3
-0.9954837673893517,0.5580072835597848,3
0.32147432328713016,0.10008896455900053,2
2.876607929222241,-1.39498472825233,0
-2.622426537338089,-0.3104387736334738,3
-2.3445327484685414,0.5951591346443709,1
0.4709207392871133,0.9769667354115708,2
-0.27262053298764244,2.7943271103537506,2
-0.5022632394166396,3.3639985037470876,2
0.001149874238545858,1.8043694459339084,2
1.080871877936876,-3.026356078428366,0
-3.123562001527901,-1.4104028742715653,3
-2.8822546929884876,-0.3640084835312814,3
1.070408302961918,1.5910372331374574,2
-1.9856968778414905,-1.5642946716810442,3
5.418938375115561,0.043469476662546726,0
-2.6880847459133173,-1.3111306888634418,3
2.699030506971564,1.412344093920119,2
-1.613826514143014,2.6249413256271183,1
1.2891776464155058,-0.9132458292433513,0
1.9996176885764445,0.564914677188009,2
-1.8252358525579024,1.3885463925146577,1
